KO00010	KO00020	KO00030	KO00040	KO00051	KO00052	KO00053	KO00061	KO00062	KO00071	KO00100	KO00120	KO00130	KO00140	KO00190	KO00195	KO00230	KO00240	KO00250	KO00260	KO00270	KO00280	KO00281	KO00290	KO00300	KO00310	KO00311	KO00312	KO00330	KO00340	KO00350	KO00351	KO00360	KO00361	KO00362	KO00380	KO00400	KO00430	KO00440	KO00450	KO00480	KO00500	KO00510	KO00511	KO00513	KO00520	KO00521	KO00522	KO00523	KO00531	KO00532	KO00534	KO00540	KO00550	KO00561	KO00562	KO00563	KO00564	KO00565	KO00590	KO00600	KO00601	KO00603	KO00620	KO00621	KO00622	KO00624	KO00625	KO00627	KO00630	KO00633	KO00640	KO00643	KO00650	KO00660	KO00670	KO00680	KO00710	KO00720	KO00730	KO00740	KO00750	KO00760	KO00770	KO00780	KO00785	KO00790	KO00791	KO00830	KO00860	KO00900	KO00903	KO00906	KO00908	KO00909	KO00910	KO00920	KO00930	KO00940	KO00941	KO00945	KO00960	KO00970	KO00983	KO00984	KO01040	KO01053	KO02010	KO02020	KO02030	KO02040	KO02060	KO03008	KO03010	KO03013	KO03015	KO03018	KO03020	KO03022	KO03030	KO03040	KO03050	KO03060	KO03070	KO03410	KO03420	KO03430	KO03440	KO03450	KO04010	KO04011	KO04012	KO04020	KO04064	KO04066	KO04070	KO04075	KO04080	KO04110	KO04111	KO04112	KO04113	KO04114	KO04120	KO04122	KO04130	KO04141	KO04142	KO04144	KO04145	KO04146	KO04151	KO04210	KO04260	KO04270	KO04310	KO04320	KO04330	KO04350	KO04360	KO04510	KO04514	KO04520	KO04530	KO04540	KO04610	KO04614	KO04621	KO04622	KO04626	KO04650	KO04666	KO04740	KO04810	KO04910	KO04940	KO04962	KO04970	KO04973	KO04974	KO04975	KO05010	KO05012	KO05014	KO05016	KO05020	KO05030	KO05032	KO05034	KO05100	KO05110	KO05111	KO05120	KO05130	KO05132	KO05134	KO05142	KO05143	KO05144	KO05146	KO05150	KO05200	KO05202	KO05203	KO05204	KO05215	KO05219	KO05322	KO05340	KO05410	KO00232	KO00512	KO00514	KO00591	KO00592	KO03320	KO04013	KO04060	KO04115	KO04140	KO04150	KO04340	KO04380	KO04512	KO04612	KO04630	KO04710	KO04742	KO04744	KO04972	KO04976	KO05145	KO05160	KO05162	KO05168	KO00904	KO04670	KO04745	KO05222	KO00460	KO00623	KO04950	KO04964	KO05133	KO04930
R5300_S1	14462	9152	8115	9985	11281	18425	293	6981	0	28	0	442	1774	275	15630	0	23680	12336	33285	20445	16291	5580	954	9496	10330	200	63	33	13332	8472	994	0	1653	7	514	343	7030	11	454	1076	1703	11815	704	2253	0	12789	7777	1	0	352	0	0	3694	10747	2965	432	0	3911	0	104	0	5	0	10164	0	2	3	12	49	2212	103	221	0	1253	124	4156	2063	19	1653	4979	2963	2479	6341	3480	2867	238	1726	109	2	8383	7094	1	3	957	0	387	425	6	6800	2	0	71	44717	382	0	5	127	33895	12604	10915	6395	3412	0	24177	811	3	16638	16537	0	13343	4	0	1588	12291	4232	10436	4068	10911	0	5	251	0	2	0	2860	643	2	3	0	0	11732	61	0	0	2787	0	89	2906	3	6	3979	1811	17	0	0	0	0	0	0	0	14	1	1	1	0	0	0	7	8	1805	0	1	0	1	485	209	0	0	0	1165	0	17	5	1	0	0	0	4	2	0	0	296	3397	0	12	1953	2	1	0	24	65	88	0	1111	6	62	13	0	159	0	0	0	0	0	0	0	0	0	0	0	0	0	0	0	0	0	0	0	0	0	0	0	0	0	0	0	0	0	0	0	0	0	0	0	0
R5301_S2	11613	10060	5462	8657	11644	15072	239	6760	0	7	0	375	2530	163	13874	0	22653	11290	31304	20935	12990	5951	1574	7178	8749	116	79	5	12323	8835	853	0	379	4	459	347	6619	2	156	911	1525	9008	772	1330	1	8294	7246	0	0	327	0	0	4810	8955	1133	71	0	3246	0	28	0	1	0	8906	0	0	1	15	6	1954	50	145	0	759	20	4686	1912	16	1086	5596	2815	2329	5891	3342	3660	311	2043	25	37	6108	6583	0	13	1220	0	539	153	0	5550	7	0	90	41917	131	0	3	133	13671	9629	1535	939	1373	1	21519	507	0	15337	14048	0	11833	4	0	1698	11042	4223	10651	3285	11044	0	1	229	0	9	0	2496	675	0	1	0	2	9339	77	0	4	1917	0	49	2842	1	8	5204	1771	23	1	0	0	0	0	2	0	2	0	1	0	0	0	0	7	2	1701	0	0	0	5	117	376	1	0	0	1264	0	4	9	0	2	0	0	0	0	1	0	304	3643	0	3	1896	0	0	0	7	25	94	1	671	3	18	9	0	21	0	0	0	0	0	0	0	0	0	0	0	0	0	0	0	0	0	0	0	0	0	0	0	0	0	0	0	0	0	0	0	0	0	0	0	0
R5302_S3	11968	10084	6087	10460	12696	15569	334	7156	0	3	0	393	2295	110	15674	0	23536	11277	33525	21414	13567	6280	1561	9320	9995	119	50	9	13534	9180	903	0	608	5	430	174	6886	1	134	909	1565	8518	732	1762	0	10049	7550	1	0	372	0	0	4757	9961	1358	66	0	3629	0	26	3	0	2	10311	1	0	0	0	6	2403	107	220	0	347	18	5130	2484	6	1063	6315	2884	2223	6126	3789	3952	368	1918	24	36	7034	6948	0	23	1338	0	555	224	5	5058	2	1	64	42496	82	0	18	54	14066	10337	2140	1167	2034	0	22338	554	0	15730	14589	0	12566	0	0	1567	11542	4253	11078	3460	10675	0	2	213	0	0	0	2524	741	1	2	3	0	9700	115	0	1	1726	0	48	3462	1	2	4897	1884	5	0	0	0	0	0	0	0	3	0	0	0	0	0	0	2	3	1700	0	0	0	0	117	164	0	0	0	1378	0	22	5	0	0	0	0	0	0	0	0	360	3142	0	19	2245	3	0	0	3	78	101	0	701	6	62	2	0	32	0	0	0	0	0	0	0	0	0	0	0	0	0	0	0	0	0	0	0	0	0	0	0	0	0	0	0	0	0	0	0	0	0	0	0	0
R5303_S4	12611	5221	7627	8511	8686	14680	358	5096	0	20	0	442	786	165	11003	1	17478	9504	25090	15667	14943	4456	479	9769	8820	183	26	69	10330	6452	1532	0	1827	12	371	204	5877	6	479	830	1061	12042	366	1693	0	12247	5463	13	5	115	0	0	1997	7885	2735	583	0	3152	0	49	0	4	0	9396	0	0	2	1	64	1836	79	115	1	1009	132	2537	1875	19	1593	3525	2110	1609	4498	2802	2005	151	1117	87	5	7253	5886	0	0	598	0	326	771	14	5197	3	0	32	33198	413	0	3	92	37577	12267	14453	9172	4906	0	17394	921	1	11760	12665	0	10175	3	3	1119	9265	3365	8573	3222	8781	0	0	121	0	1	0	2034	470	1	9	1	0	9541	141	0	1	3261	0	32	1566	1	6	2389	1705	4	2	0	1	1	0	0	0	7	0	0	0	2	1	0	1	22	1158	0	1	0	0	504	56	1	0	0	417	0	15	2	0	0	0	1	3	2	0	0	192	2163	0	9	789	0	2	0	6	23	73	0	920	6	33	10	1	108	0	0	0	0	0	0	0	0	0	0	0	0	1	0	0	0	0	0	0	0	0	0	0	0	0	0	0	0	0	0	0	0	0	0	0	0
R5304_S5	12325	8938	6067	8500	11087	16788	346	6789	0	11	1	359	2257	200	14149	0	22090	10972	30479	20210	14500	5357	1310	7818	8898	133	83	7	11894	8453	916	1	694	7	574	302	6797	13	271	837	1536	9271	662	1488	3	9582	7709	0	2	333	0	0	4216	8570	1777	223	0	3570	0	43	0	0	0	8862	0	0	4	1	22	2017	68	216	0	805	70	4591	1987	8	1282	5256	2366	1894	5563	2973	3214	445	1833	73	87	7653	5955	0	29	1117	3	326	347	12	6356	8	0	150	38800	147	0	7	88	20619	10244	3972	2659	2238	0	19756	580	1	14696	13721	0	11443	0	8	1644	10723	3790	9949	3464	10628	0	5	219	0	2	0	2348	683	0	0	0	0	9648	68	0	24	2185	0	57	2617	2	5	4663	1819	45	0	0	0	0	0	0	0	2	0	0	0	0	0	0	2	1	1602	0	1	0	1	253	314	1	0	0	1472	0	6	0	0	0	0	1	1	0	2	0	271	3258	0	34	1685	1	2	1	20	16	56	0	852	7	35	13	0	31	0	0	0	0	0	0	0	0	0	0	0	0	0	0	0	0	0	0	0	0	0	1	0	0	0	0	0	0	0	0	0	0	0	0	0	0
R5305_S6	11575	6338	6623	8667	9394	13685	313	5303	0	24	0	375	1074	138	11689	0	18303	9657	25929	16504	12645	4686	810	7630	8762	135	30	45	10470	6698	1256	1	1616	4	301	220	5464	11	360	754	1227	10080	543	1832	0	10351	5702	1	2	171	0	0	2639	8057	2114	292	0	3169	0	56	0	0	0	8813	0	0	1	6	52	1820	59	143	0	745	129	3191	1815	16	1394	3855	2307	1739	4649	2880	2339	200	1285	102	6	6056	5691	0	2	833	0	379	494	12	4532	3	0	27	34663	208	0	10	100	26757	9946	9316	5976	3390	0	18251	778	8	13076	12280	0	10330	9	5	1107	9720	3439	8816	3095	8598	0	0	181	1	2	0	1994	461	0	3	0	0	8988	131	0	1	2531	0	34	1739	0	9	2788	1517	11	1	0	0	0	0	0	1	3	1	1	1	0	0	0	2	7	1385	0	0	0	0	325	65	1	0	0	578	0	5	3	1	0	0	0	1	0	0	0	291	2429	0	6	1187	2	2	0	7	81	76	1	761	2	40	2	0	94	0	0	0	0	0	0	0	0	0	0	0	0	0	0	0	0	0	0	0	0	0	0	0	0	0	0	0	0	0	0	0	0	0	0	0	0
R5306_S7	13256	5723	8187	9117	9332	16030	337	5261	0	16	1	293	876	137	11336	0	18653	10061	26972	16308	14833	4413	627	9783	8820	220	27	22	11189	7118	1193	0	1874	21	358	178	6443	15	444	909	1200	11229	552	1674	2	11459	5855	0	0	160	0	0	2102	8525	2581	554	0	3423	0	56	0	1	0	9119	0	1	0	14	44	1845	36	128	0	1294	64	2844	1991	54	1612	3596	2108	1610	5099	2841	2094	143	1054	154	11	6815	5266	0	4	651	0	302	627	30	5380	13	0	56	35176	229	0	1	98	38699	12045	13372	8803	4059	0	19479	836	4	13254	13083	1	10921	3	1	1171	10044	3663	9130	3062	9503	0	1	195	0	3	0	2345	435	9	5	5	1	10737	142	3	2	2871	0	27	1681	6	12	2853	1628	2	2	0	0	0	0	0	0	2	0	0	0	1	0	0	3	17	1448	0	2	1	0	450	87	1	0	0	545	0	24	0	0	2	0	0	2	2	1	0	234	2671	0	15	894	1	1	0	13	38	112	0	1010	14	39	11	0	146	0	0	0	0	0	0	0	0	0	0	0	0	0	0	0	0	0	0	0	0	0	0	0	0	0	0	0	0	1	0	0	0	0	0	0	0
R5307_S8	11647	7683	6402	8539	10035	14922	296	5885	0	11	0	320	1632	142	12311	0	19828	10480	28646	18453	13223	4846	1050	8530	8736	173	53	14	11438	7459	991	1	1066	8	329	174	6430	19	228	933	1311	9182	615	1586	4	9953	6502	0	0	333	0	0	3586	8319	2072	252	0	3478	0	62	0	1	0	9208	0	0	1	0	36	1857	62	140	0	806	60	3827	2076	23	1235	4431	2452	2020	5280	3096	2723	325	1748	67	7	6445	5664	0	17	890	1	443	314	6	5548	4	0	85	36121	178	0	6	125	23357	10139	6308	4143	2473	0	19557	661	1	13648	13097	0	10931	1	4	1425	10013	3655	9269	3221	9678	0	0	183	0	3	0	2318	575	0	2	1	1	9408	48	0	1	2200	0	59	2578	5	4	3617	1583	13	3	0	0	0	0	0	0	3	1	0	1	1	0	0	1	4	1464	0	0	0	0	238	97	1	0	0	1107	0	8	1	1	0	0	0	1	0	0	1	323	2840	0	23	1519	0	3	1	16	88	84	0	941	7	15	15	0	58	0	0	0	0	0	0	0	0	2	0	0	0	0	0	0	0	0	0	0	0	0	0	0	0	0	0	0	0	0	0	0	0	0	0	0	0
R5308_S9	13992	10676	7558	10764	12456	18258	446	7709	0	10	1	456	2827	140	16143	0	25649	12813	35688	23466	14774	5985	1373	8964	10370	131	88	4	13231	8431	1320	1	747	16	502	280	7292	0	132	1107	2021	10197	704	1595	0	11386	7988	0	0	408	0	0	4575	10640	2341	147	0	3957	1	31	0	1	0	10607	0	0	1	0	70	1980	57	260	0	670	35	5290	2298	111	1291	5966	2898	2368	6480	3673	3721	413	1919	64	64	7085	7470	1	19	1239	0	545	271	3	5756	1	0	83	47084	210	0	10	71	21181	10662	2976	1865	4916	0	25815	729	7	16913	16307	0	14107	2	2	1835	13006	4692	10801	3690	11902	0	0	276	0	2	0	2942	861	0	0	1	1	10639	87	0	4	2281	0	60	3572	4	2	4833	1772	53	2	0	0	0	0	0	0	3	0	0	1	1	0	1	3	1	1995	0	0	0	0	131	280	1	0	0	1411	0	17	3	0	0	0	0	0	0	0	0	366	3628	0	2	2157	0	1	0	5	527	75	0	1059	7	90	4	0	62	0	0	0	0	0	0	0	0	0	0	0	0	0	0	0	0	0	0	0	0	0	0	0	0	0	0	0	0	0	0	0	0	0	0	0	0
R5309_S10	13311	6099	8366	9182	9458	16063	350	5578	0	40	1	518	1021	221	13039	0	19646	10675	27916	17669	15221	4436	637	10430	9402	229	42	41	11635	7209	1641	0	2133	14	365	221	6644	15	533	953	1349	12102	507	2251	4	12785	5905	3	9	266	0	0	2441	9287	2834	493	0	3353	0	90	0	2	0	10252	0	0	1	3	49	2159	96	108	0	1118	129	2780	1878	34	1673	3985	2638	1707	5329	3098	2481	194	1332	95	7	6760	6510	0	2	735	0	353	1013	46	6058	5	0	47	37130	385	0	7	131	38330	12211	14860	8844	4503	0	18975	944	3	13510	13931	3	11227	3	0	1295	10226	3843	8929	3757	10175	0	1	155	0	3	1	2298	584	2	7	1	0	10009	148	0	2	3189	0	59	2211	3	7	2773	1612	10	4	0	0	1	0	0	0	5	0	1	0	4	0	0	5	10	1381	0	3	0	1	529	68	1	0	0	680	0	25	2	0	0	0	1	2	0	0	0	275	2586	0	16	950	1	2	0	17	98	83	0	1097	11	15	7	0	171	0	0	0	0	0	0	0	0	0	0	0	0	0	0	0	0	0	0	0	0	0	0	0	0	0	0	0	0	0	0	0	0	0	0	0	0
R5310_S11	10113	4935	5795	6720	6903	12174	218	4354	0	30	1	276	901	100	9955	0	14762	7740	20614	13206	11289	3409	519	7233	7046	157	45	16	8569	5426	982	0	1512	9	305	210	4717	8	330	748	1002	8945	362	1548	0	9523	4521	2	2	190	0	0	2032	6520	2467	370	0	2479	0	64	0	12	0	7280	0	0	3	3	45	1482	48	104	0	540	93	2321	1474	15	1165	2991	1934	1333	3807	2327	1863	158	1053	82	5	5591	4804	0	2	619	0	278	477	20	4066	1	0	17	28055	248	0	6	93	27598	8717	9127	5942	3607	0	14600	579	4	10209	10502	0	8560	2	2	958	7865	2801	6688	2588	7226	0	0	109	0	4	0	1656	413	0	2	0	0	7768	93	0	2	2256	0	65	1707	0	10	2123	1449	11	0	0	0	1	0	0	0	5	0	0	1	0	0	0	2	9	1159	0	1	1	0	321	45	0	0	0	481	0	41	5	0	0	0	0	3	0	0	0	227	1940	0	9	801	0	0	0	4	55	79	1	809	0	50	8	1	117	0	0	0	0	0	0	0	0	0	0	0	0	0	0	0	0	0	0	0	0	0	0	0	0	0	0	0	0	0	0	0	0	0	0	0	0
R5311_S12	16724	11651	8689	12296	14487	22904	427	8778	0	13	0	429	2629	216	18858	0	27919	14328	41314	25745	18095	6441	1554	10986	11320	160	41	30	15524	10710	1106	0	1306	5	697	335	9129	10	316	1183	1985	12049	825	2286	0	13051	9792	0	0	625	2	0	5730	11612	2419	217	0	4334	0	39	0	0	0	11709	0	0	2	1	25	2331	89	238	0	1042	32	6308	2269	29	1524	6869	3174	2658	7600	4076	4332	499	2573	41	54	9536	8314	0	26	1270	0	564	344	13	8603	3	0	163	50805	194	0	9	138	24523	13101	5720	3652	3022	0	26762	644	2	19398	18013	0	14619	0	1	2307	14523	4902	11638	4187	13835	0	0	309	0	0	0	2962	937	0	0	0	0	12085	98	0	4	2408	0	62	4157	3	3	5965	1990	19	1	0	0	0	0	0	0	6	0	0	7	0	0	0	0	1	2227	0	0	0	0	186	359	0	0	0	1856	0	109	1	0	0	0	0	2	0	0	0	419	4236	0	17	2316	0	0	1	11	72	59	0	1144	9	99	5	0	28	0	0	0	0	0	0	0	0	0	0	0	0	0	0	0	0	0	0	0	0	0	0	0	0	0	0	0	0	0	0	1	0	0	0	0	0
R5312_S13	12333	5802	7799	8549	9074	15087	350	5014	0	22	0	369	930	143	11436	0	18508	10318	25726	16129	14330	4405	529	9300	8703	218	29	51	10820	6331	1371	0	1859	14	298	242	5809	11	410	842	1194	10986	442	1951	0	12417	5571	1	3	208	1	0	2288	8082	2737	498	0	3197	0	72	0	3	0	9066	0	0	2	3	70	1950	97	191	1	952	162	2808	1997	24	1754	3334	2010	1475	4860	2807	1956	184	1155	92	8	6871	5607	1	5	658	0	352	640	21	5330	0	0	53	34928	278	0	1	121	37770	12118	11657	8323	4470	0	18510	815	0	12767	12942	0	10434	1	4	1141	10458	3489	8596	3321	9279	1	3	135	0	3	0	2296	466	1	12	1	0	9416	144	0	2	3145	0	38	1995	7	15	2644	1556	13	2	0	1	2	0	1	0	15	1	0	0	0	0	1	2	6	1370	0	1	0	0	366	60	0	0	0	447	0	30	3	0	0	0	0	6	0	1	0	220	2289	0	16	984	0	3	1	10	100	139	1	1052	8	29	7	0	173	1	0	0	0	0	0	1	0	0	0	0	0	1	0	0	0	0	0	0	0	0	0	1	0	0	0	0	0	0	0	0	0	0	0	0	0
R5313_S14	15010	6063	9957	10749	10883	18962	441	6326	13	44	2	493	1096	170	12672	0	20173	10980	29019	18304	15484	4840	521	11343	9680	283	73	116	11938	7479	1667	0	2470	18	520	208	7528	23	730	1131	1336	13731	509	2360	0	15152	6615	1	0	319	0	0	2613	9983	2495	522	0	3481	0	83	0	5	0	10248	0	0	0	1	56	2020	50	124	0	1605	26	3016	1816	20	1847	3472	2023	1573	5584	3079	2199	180	1516	113	16	6748	6716	0	9	712	0	333	601	32	8411	22	0	71	37072	359	0	6	97	43173	13744	16376	10606	3699	0	19789	934	0	14399	13923	0	11790	9	4	1546	10627	4077	9489	3843	10734	0	6	144	0	2	0	2479	606	2	0	3	0	11243	100	0	2	3287	0	47	2775	17	8	3130	1867	6	0	0	0	0	0	0	1	0	0	0	0	0	0	0	4	5	1408	0	0	0	0	521	86	0	0	0	715	0	36	0	1	0	0	0	0	0	0	0	277	2263	0	33	916	0	1	0	7	39	90	0	1274	8	33	16	0	106	0	0	0	0	0	0	0	0	0	0	0	0	0	0	0	0	0	0	0	0	0	0	0	0	0	0	0	0	0	0	0	0	0	0	0	0
R5314_S15	12910	7446	7543	8812	10350	15985	326	6131	0	32	1	371	1673	173	14214	0	21073	10824	29010	19266	15482	5439	896	9851	9503	172	38	33	11916	7920	1338	0	1332	8	429	284	7102	13	372	1017	1274	11053	472	1508	0	11900	6618	0	0	341	2	0	3471	9165	3033	472	0	3571	0	99	0	1	0	9618	0	0	6	3	45	2175	167	174	0	782	114	3609	2237	41	1659	4310	2582	1911	5334	3264	2837	243	1653	67	17	7737	6309	0	21	932	0	421	513	31	5862	10	0	70	39134	294	0	1	136	32652	12223	8845	6718	3940	0	20928	771	0	14275	14852	0	11973	1	2	1411	11533	4135	9799	3580	10415	0	6	201	0	2	0	2354	623	0	1	1	2	10346	80	0	2	2857	0	77	2398	4	3	3693	1801	9	0	0	0	0	2	0	0	2	0	0	0	0	0	0	4	2	1506	0	5	0	0	266	195	2	0	0	1003	0	24	5	0	0	0	0	2	0	2	0	289	2621	0	24	1294	0	1	1	16	41	134	1	1089	15	32	20	0	91	0	0	0	0	0	0	0	0	2	0	0	0	0	0	0	0	0	0	0	0	0	1	0	0	0	0	0	0	0	0	0	0	0	0	0	0
R5315_S16	14600	7339	8273	10490	10373	18686	343	6220	0	21	1	294	1560	158	13366	0	22165	11437	31219	19204	16805	5140	743	10580	10034	252	68	14	13223	8559	1286	0	1868	9	418	251	7063	17	447	1065	1495	11802	662	1647	1	12541	6631	0	2	269	2	0	3123	9578	2961	448	0	3675	0	74	0	0	0	10071	0	1	0	2	64	2235	136	188	1	1310	80	3596	2268	25	1661	4344	2685	2037	6030	3507	2779	237	1545	156	23	8278	6416	0	19	883	2	332	384	28	6244	5	1	81	39451	183	0	4	65	38141	12862	12191	8164	3518	0	21227	830	3	15278	14346	0	12824	1	1	1434	11557	4369	10151	3542	11297	0	2	237	0	5	0	2473	598	6	2	0	0	12573	179	0	5	3188	0	83	2535	31	5	3651	1821	4	3	0	0	0	0	0	0	3	0	0	5	0	0	0	4	3	1576	0	2	0	1	504	158	1	0	0	980	0	31	0	0	0	0	0	2	0	1	0	301	3150	0	39	1179	1	3	1	33	34	144	1	1069	23	32	35	2	166	0	0	0	0	0	0	0	0	0	0	0	0	1	0	0	0	0	0	0	0	0	0	0	0	0	0	0	0	0	0	0	0	0	0	0	0
R5316_S17	12684	7929	6697	8624	9987	15979	303	5938	0	21	0	394	1759	196	13282	0	21080	10994	28962	19208	15067	5186	921	9188	9191	157	56	26	11520	8055	1064	0	1228	14	492	237	7004	17	252	948	1516	10508	526	1398	0	11326	6841	1	17	210	0	0	3275	8684	2599	389	0	3401	0	41	0	0	0	9006	3	1	1	6	44	2040	95	144	0	772	71	4001	1982	15	1522	4646	2589	1761	5362	3305	2753	315	1524	85	57	8268	5986	0	14	903	0	442	659	3	5578	4	2	75	38559	293	1	5	171	27181	11573	8964	5534	3320	0	20147	652	3	14269	13119	0	11417	2	5	1465	11188	3809	9532	3291	10244	0	1	197	0	0	0	2478	618	2	0	0	0	9682	92	2	1	2534	0	71	2366	4	4	3909	1756	1	0	0	0	0	0	0	0	11	0	0	0	0	0	0	7	6	1527	0	3	0	4	301	178	7	0	0	1074	0	54	0	0	0	0	3	5	0	2	0	208	2883	0	17	1498	2	3	0	19	19	114	0	858	19	42	9	0	71	0	2	0	0	3	0	0	0	1	1	0	0	0	0	0	0	0	0	0	0	0	0	0	0	0	0	0	0	0	0	0	0	0	0	0	0
R5317_S18	13777	8700	7935	9818	11144	17620	429	6681	0	10	1	449	1977	146	14662	2	23135	11565	31383	20875	13951	5500	1206	8310	10078	193	83	18	12347	8234	1416	0	1235	21	426	322	6918	4	294	1122	1566	11170	551	1968	2	11449	7078	0	0	442	0	0	4132	9815	2382	381	0	3758	0	78	0	0	0	10194	0	0	2	3	78	1717	33	153	0	955	67	4388	2188	112	1562	5064	2371	2121	6148	3247	3042	389	1931	76	33	7202	6561	0	9	1095	0	371	490	14	6520	7	0	86	41084	297	0	2	91	28271	11936	5967	4039	4390	0	21885	746	0	15741	14475	2	12542	3	2	1628	11904	4212	11126	3911	11248	0	0	212	0	2	0	2559	821	8	0	0	0	10536	103	0	5	2704	0	55	3478	3	12	4037	1821	41	1	0	0	0	0	0	0	4	0	0	0	0	0	0	9	4	1829	0	0	0	3	257	188	0	0	0	1213	0	5	0	0	0	0	0	1	0	2	1	362	3371	0	6	1680	2	3	0	11	353	112	2	1095	18	63	7	0	67	0	0	0	0	0	0	0	0	0	0	0	0	0	0	0	0	1	0	0	0	0	0	0	0	0	0	0	0	0	0	0	0	0	0	0	0
R5318_S19	9881	6379	5117	7300	8078	12259	222	4793	0	6	0	281	1548	172	11266	0	16697	8344	23535	15042	10992	4050	839	6987	7026	155	43	23	9478	6274	923	0	929	10	348	176	5392	6	323	718	1125	7813	468	1266	1	7994	5269	0	0	250	0	0	3259	7040	1498	173	0	2684	0	98	0	0	0	7458	0	0	1	0	33	1522	87	148	0	878	53	3160	1412	8	1161	3603	1919	1549	4538	2319	2099	200	1350	45	29	5246	4816	0	4	815	2	295	519	14	4654	10	0	51	30377	117	0	5	47	19148	8710	4354	3121	2353	0	15577	506	2	11377	10789	0	9287	2	4	1236	8400	2947	8188	2707	8127	0	7	136	1	5	0	1860	467	0	2	0	4	7854	60	1	2	1894	0	91	2209	8	2	3140	1380	11	1	0	0	0	0	0	0	5	0	0	0	5	0	0	5	11	1328	0	0	0	3	261	219	0	0	0	1010	0	2	2	1	1	0	0	4	0	0	0	187	2402	0	35	1264	0	0	1	29	54	117	0	714	11	18	12	0	41	0	0	0	0	0	0	0	0	0	0	0	0	1	0	0	0	0	0	0	0	0	0	0	0	0	0	0	0	1	0	0	0	0	0	1	0
R5319_S20	12128	9327	5943	8436	11299	15714	267	6476	5	21	0	345	2503	265	14995	0	22768	11415	31301	20692	13314	5810	1371	7406	9625	177	48	8	11906	8184	826	0	621	5	434	364	6778	4	220	867	1573	9040	798	1440	4	9389	7351	0	0	418	0	0	4836	9291	1583	137	0	3479	2	35	0	0	0	9459	0	0	2	1	24	1853	131	187	1	820	15	4493	1930	10	1262	5709	2627	2063	6142	3431	3541	456	2111	23	56	6776	6379	0	43	1198	18	501	421	10	5834	6	1	89	40946	112	0	9	72	17254	10581	2255	1569	1856	0	21063	528	0	15040	14078	0	11833	3	1	1728	11508	4014	10409	3576	10857	0	3	222	0	1	3	2488	706	2	2	2	0	9798	78	0	8	1900	0	101	3292	2	2	5160	1860	45	0	0	0	0	0	0	2	2	0	0	1	0	0	0	3	0	1529	0	0	0	1	129	403	1	0	0	1453	0	19	5	0	0	0	0	2	0	1	0	227	3619	0	40	1911	0	2	0	28	72	81	1	815	4	30	6	1	47	0	0	0	0	0	0	0	0	0	0	0	0	1	0	0	0	0	0	0	0	0	0	0	0	0	0	0	0	0	0	0	0	0	0	0	0
R5320_S21	11892	10343	6147	9972	12726	15331	343	7348	5	29	0	266	2542	310	15649	0	24532	11673	34106	23242	14342	6022	1537	9272	9894	116	39	3	14266	8982	1036	0	304	5	475	543	7251	1	111	827	1535	8714	900	1684	0	8868	8224	0	0	320	0	0	5008	9925	1327	54	0	3542	0	19	0	1	0	9813	0	0	1	3	12	2467	105	181	0	475	17	5420	1995	11	888	6145	3184	2567	6369	3274	3972	395	2004	42	59	7218	7022	0	0	1383	7	374	150	12	5928	1	0	81	43392	51	0	11	106	14536	10118	1722	913	1570	0	21873	492	1	15797	15489	0	12331	5	4	1785	12038	4191	10983	3422	10448	0	4	218	0	1	0	2547	901	2	3	3	0	9666	58	1	1	1584	0	38	2409	3	10	5222	1859	26	1	0	0	0	0	0	1	15	0	0	0	0	0	0	1	2	1682	0	0	0	0	78	451	4	1	0	1408	0	9	1	0	0	0	0	0	0	0	0	465	3671	0	5	2227	0	2	0	13	49	62	0	835	6	24	5	0	36	0	0	0	0	0	0	0	0	0	0	0	0	0	0	0	0	0	0	0	0	0	0	0	0	0	0	0	0	0	0	0	0	0	0	0	0
R5321_S22	12997	7484	6947	8535	10038	15891	339	6026	0	18	0	412	1734	214	13611	0	20232	10766	28383	18798	14769	5076	930	9898	9352	186	57	29	11943	7720	1155	0	1520	8	369	286	6517	12	340	993	1351	10702	509	1618	0	11412	6229	8	3	297	0	0	3404	9029	2897	409	0	3291	0	90	0	6	0	9761	0	0	0	4	30	2256	149	200	0	733	118	3823	2100	21	1574	4305	2621	1917	5302	3220	2714	250	1540	73	41	7727	6313	0	10	805	0	472	486	13	5280	6	0	73	38491	271	0	2	136	31414	12013	9847	6676	4239	0	20106	797	1	14052	13904	0	11629	8	0	1457	10630	3949	9776	3301	10017	0	1	173	0	5	0	2285	536	3	1	15	0	9615	78	0	6	2794	0	119	2215	0	5	3589	1810	12	0	0	0	0	1	0	0	5	0	1	0	0	0	3	11	6	1427	0	1	0	1	271	171	0	0	0	880	0	35	4	0	0	0	1	6	0	1	0	330	2802	0	13	1366	0	3	1	12	81	104	0	837	13	24	13	0	95	0	0	0	0	0	0	0	0	0	0	0	0	1	0	0	0	0	0	0	0	0	0	0	0	0	0	0	0	0	0	0	0	0	0	0	0
R5322_S23	13260	7134	7615	9626	10528	18107	356	6073	0	41	0	299	1218	109	13848	0	20691	11362	29766	19177	15603	4768	710	10129	9642	190	44	28	12193	7731	1161	0	1843	19	462	217	6705	10	365	1005	1182	11892	472	1649	0	12440	6546	2	5	231	0	0	2546	9096	3286	332	0	3330	0	76	0	2	0	9884	0	0	0	4	45	2258	43	184	0	969	151	3774	1864	17	1593	3808	2552	1959	5010	3124	2669	184	1459	71	18	8493	6051	0	12	881	0	354	548	11	6286	3	0	62	39212	310	0	0	139	37379	11793	12303	7869	4346	0	20161	873	0	14535	13952	2	11412	2	3	1334	10828	3872	9549	3595	10356	0	4	145	1	7	0	2195	604	0	2	0	0	10329	66	0	4	2993	0	70	1888	10	4	3295	1773	8	0	0	0	0	0	0	0	4	0	0	0	0	0	0	3	5	1406	0	5	0	0	366	121	1	0	0	827	0	32	3	0	0	0	0	5	0	0	0	242	2662	0	0	1269	0	1	1	14	30	100	0	1161	7	28	14	0	148	1	0	0	0	0	0	0	0	0	0	0	0	0	0	0	0	0	0	0	0	0	0	0	0	0	0	0	0	0	0	0	0	0	0	0	0
R5323_S24	13294	8963	7652	10688	12176	18630	418	6884	0	12	4	473	2486	161	14169	1	23418	11686	32792	21300	14669	5065	1101	7841	9616	125	103	6	12133	8683	1369	1	583	52	491	236	6762	4	210	1169	1869	10084	555	1307	0	10484	7821	0	0	390	0	0	4086	9207	2407	137	1	4163	0	53	0	0	0	9707	0	0	1	0	164	2088	45	145	0	692	41	4624	2067	152	1254	5305	2446	2019	6134	3392	3298	425	1857	69	50	7073	6592	1	30	1214	0	469	257	12	6337	5	0	132	41533	106	0	7	73	22203	11151	2642	1643	6335	0	22595	807	1	15249	14086	0	13147	0	0	1705	11711	4194	10674	3683	11337	0	0	221	0	3	0	2744	818	1	1	1	0	10083	64	0	6	2443	0	88	2634	1	3	4103	1635	166	1	0	0	0	0	0	2	5	1	0	0	1	0	0	0	4	1711	0	0	1	0	116	145	0	0	0	1454	0	9	1	0	1	0	0	2	0	2	0	380	3319	0	10	1621	0	0	0	6	755	71	0	882	4	34	14	0	36	0	0	0	0	0	0	0	0	0	0	0	0	0	0	0	0	0	0	0	0	0	0	0	0	0	0	0	0	0	0	0	0	0	1	0	0
R5324_S25	14390	12294	7029	11868	14639	19246	347	8582	0	8	0	338	2793	183	17783	0	27293	13733	38802	25791	16068	6541	1683	9143	11193	101	74	14	15468	10804	874	1	631	5	591	392	8389	6	109	1078	2071	10813	910	1787	0	10970	9336	0	0	344	0	0	6083	11419	1974	118	0	4308	0	70	0	2	0	10795	0	0	0	4	12	2215	93	219	0	713	15	5926	2374	9	1366	6668	3249	2840	6928	4125	4206	463	2204	22	65	8273	7762	0	23	1445	0	733	261	2	7622	7	0	157	50929	195	0	8	139	17186	11623	2250	1279	1835	0	26101	679	0	18586	17371	1	14630	2	17	2023	13766	4901	12242	4074	12870	0	4	256	0	2	0	3086	649	0	0	0	0	11500	108	0	2	2077	0	61	3584	4	4	6126	1965	13	0	0	0	1	0	0	0	8	0	0	1	0	0	0	0	3	2010	0	0	0	1	158	316	0	0	0	1978	0	4	7	0	0	0	0	4	0	0	0	339	4489	0	17	2424	2	1	0	9	25	80	0	1117	3	98	6	0	46	0	0	0	0	0	0	0	0	0	0	0	0	0	0	0	0	0	1	0	0	0	0	0	0	0	0	0	0	0	0	0	0	0	0	0	0
R5325_S26	13580	9711	8028	11086	12267	17186	377	6862	0	21	0	400	2373	174	14338	0	25109	12077	33347	22083	15863	5864	1312	9297	10199	168	95	27	13339	8808	1410	0	879	22	466	246	7006	5	239	1053	1913	11038	665	1660	0	11654	7651	1	2	283	0	0	4170	10039	2222	274	0	4189	0	84	0	0	0	10804	0	0	1	2	105	1967	67	180	0	898	91	4863	2242	108	1487	5288	2665	2299	6491	3511	3011	351	1944	55	27	7168	7001	0	22	1165	1	509	469	9	5595	3	0	59	44023	231	0	8	72	26081	11872	5079	3234	5004	0	24313	729	0	16236	15472	0	13595	2	17	1651	12404	4341	11508	3889	11089	2	2	284	0	3	0	2954	762	0	2	4	2	10869	97	0	4	2699	0	83	2469	2	26	4440	1783	79	2	0	0	0	0	1	0	8	4	0	0	1	1	0	6	2	2190	0	1	0	0	244	199	0	0	0	1277	1	7	7	0	0	0	0	7	0	1	0	321	3132	0	3	1832	0	2	0	8	525	73	1	1013	10	37	4	0	31	0	0	0	0	0	0	0	0	0	0	0	0	0	0	0	0	0	0	0	0	0	0	0	0	0	0	0	0	0	0	0	0	0	0	0	0
R5326_S27	14571	7310	8462	11011	11273	19314	489	6857	0	29	1	307	1348	175	14955	0	22039	12030	31897	20307	16086	5403	841	10852	10540	174	46	36	12997	8471	1352	0	1938	7	481	236	7328	14	361	1080	1522	12650	525	2093	1	13397	7166	0	6	357	0	0	3037	9858	3813	538	0	3710	0	75	0	8	0	11001	0	0	5	6	62	2307	71	157	0	1089	61	3954	2097	28	1839	4512	2707	1946	5630	3488	2958	239	1774	91	15	8194	6896	1	8	866	0	340	422	20	6215	1	0	85	42490	264	0	0	151	39247	13013	12160	7690	4739	0	21000	786	4	15702	15285	0	12873	4	3	1479	11928	4151	10254	3882	10674	0	0	210	0	8	0	2511	680	2	6	1	1	11152	108	0	11	3154	0	70	2513	2	5	3408	2066	15	3	0	0	4	0	0	0	14	0	0	3	0	0	0	3	10	1572	0	5	0	0	336	44	2	0	0	914	0	17	1	0	0	0	1	11	0	0	0	322	3093	0	8	1264	0	3	0	11	51	145	0	1244	7	31	11	0	204	0	0	0	0	0	0	0	0	1	0	0	0	1	0	0	0	0	0	0	0	0	0	0	0	0	0	0	0	0	0	0	0	0	0	0	0
R5327_S28	14143	9447	8198	11983	12632	18330	398	6943	0	24	0	397	2084	65	15920	0	23445	12190	34088	21744	14065	6055	1191	8483	10659	205	44	48	13717	9075	1383	0	1550	13	422	375	6089	23	290	1108	1840	11874	629	2118	0	11926	7172	0	0	286	0	0	4216	10494	2921	265	0	3979	1	39	1	0	0	11001	0	1	2	11	43	2497	110	298	0	804	74	4448	2155	35	1499	4879	3108	2516	6346	3663	3429	273	1798	113	2	7085	6908	0	1	1185	0	498	264	17	5754	7	0	19	44912	153	0	1	84	29584	12693	8598	5587	4284	0	24202	893	1	16576	15811	1	13809	2	1	1617	12566	4696	11335	3761	10573	0	6	219	0	3	0	2802	542	3	1	2	0	10756	77	0	3	2881	0	71	2103	2	9	3935	1926	74	0	0	0	0	0	0	1	8	0	0	0	0	0	0	1	15	1680	0	0	0	0	170	113	3	0	0	668	0	3	12	1	0	0	0	2	0	1	0	419	3499	0	16	1824	1	1	1	6	222	155	0	1061	5	107	20	0	161	0	0	0	0	0	0	0	0	0	0	0	0	0	0	0	0	0	0	0	0	0	0	0	0	0	0	0	0	0	0	0	0	0	0	0	0
R5328_S29	12954	7238	7925	10449	11160	18351	465	5850	0	17	1	241	1560	320	14012	0	20568	11095	28786	18856	16112	5146	890	10250	9641	186	16	32	11880	7864	1212	0	1751	10	440	230	6761	6	299	1033	1393	11293	488	1615	0	12021	7341	0	1	236	2	0	3052	8750	3342	671	0	3492	0	56	0	2	0	9926	0	0	3	1	50	2201	103	129	0	873	102	3720	1935	24	1618	4332	2535	1773	5479	3213	2757	178	1469	124	5	8262	5938	0	4	808	0	429	378	19	6194	17	0	79	38155	332	0	3	159	35873	12425	9695	7296	4769	0	19978	845	2	14141	13784	0	11233	3	1	1354	10875	3810	9455	3254	9662	0	0	186	0	2	0	2299	589	9	4	0	1	9716	98	0	24	2844	0	82	2068	13	7	3382	1622	9	0	0	0	0	0	0	0	5	1	0	0	1	0	1	0	5	1472	0	2	0	1	342	147	0	0	0	874	0	3	2	0	0	0	0	4	0	1	2	259	2483	0	7	1184	0	4	2	11	22	88	1	1013	25	29	17	0	121	0	0	0	0	0	0	0	0	0	0	0	0	0	0	0	0	0	0	0	0	0	0	0	0	0	0	0	0	0	0	0	0	0	0	0	0
R5329_S30	15155	11311	7579	12529	14492	22191	452	8600	0	13	0	356	2588	258	17109	0	26313	13259	38672	25382	17611	7005	1525	10557	11185	113	88	25	14996	10550	961	0	1053	2	639	320	8497	5	222	971	1908	11151	771	2120	1	11670	9414	1	2	602	0	0	5371	10701	2208	258	0	4571	0	38	0	1	0	10969	0	0	1	1	30	2194	44	188	2	664	46	5576	2239	11	1281	6899	3206	2664	6876	4273	4269	292	2498	55	81	9841	7773	0	25	1335	2	549	364	13	7738	1	1	114	46969	245	0	0	138	21641	12181	3962	2914	3311	0	24293	785	0	17924	16570	0	13611	3	2	2162	13228	4470	11291	3945	12688	0	0	223	0	1	0	2656	923	0	4	1	0	11515	123	0	5	2497	0	37	4032	2	11	5490	1986	24	1	0	0	0	0	0	0	3	0	0	2	2	0	0	5	1	1956	0	0	0	7	175	178	0	0	0	1811	0	8	0	1	0	0	0	1	0	0	0	428	4157	0	9	2147	1	0	0	5	50	61	0	1000	3	96	2	1	59	0	0	0	0	0	0	0	0	0	0	0	0	0	0	0	0	0	0	0	0	0	0	0	0	0	0	0	0	0	0	0	0	0	0	0	0
R5330_S31	15489	9120	8981	9932	12029	17806	285	7331	4	31	0	570	1887	215	16152	0	25621	13472	35802	22581	17552	6092	1098	11253	11557	308	43	40	14043	8589	1491	0	1880	18	505	318	8232	13	561	1106	1664	13613	704	2424	1	14092	7817	2	1	386	0	0	4351	11119	2733	388	0	4354	0	87	0	5	0	11979	0	0	0	8	47	2360	132	242	1	1351	98	4366	2386	36	1860	5057	3015	2089	6648	3908	2994	328	1638	86	17	7534	7472	0	19	1059	15	473	1134	5	6476	15	0	78	49078	238	0	15	165	38188	14295	12305	7892	2832	0	25694	868	5	17541	17527	2	14718	3	7	1704	12831	5005	12475	4388	12491	0	8	230	0	8	0	3314	711	1	0	4	4	12269	107	0	5	3441	0	91	3355	7	13	4486	2240	30	0	0	1	1	0	0	0	12	0	0	7	3	0	1	10	25	2032	0	5	0	0	515	203	1	0	0	1129	0	75	2	0	4	0	3	4	0	3	0	312	3473	0	40	1591	0	2	1	10	94	91	2	1185	4	38	9	1	83	0	0	0	0	0	0	0	0	0	0	0	0	0	0	0	0	0	0	0	0	2	0	0	0	0	0	0	0	0	0	0	0	0	0	1	0
R5331_S32	15048	6454	9644	10539	10366	18079	454	6066	2	27	4	500	1114	206	13463	0	21955	11806	30854	19801	16827	5640	657	11605	10608	245	33	65	12272	8242	1832	0	1891	13	469	203	7272	31	502	1049	1239	13060	455	2072	2	14026	6844	7	7	211	0	0	2522	9663	3339	624	0	3761	0	99	3	1	0	11193	0	1	11	7	68	2145	104	167	1	1163	107	3365	2400	40	1930	4087	2522	1722	5756	3380	2292	205	1315	155	14	8638	6673	0	3	726	0	421	768	35	6322	14	1	76	41131	505	2	6	105	45807	14505	12911	9407	5190	0	21739	967	4	15187	14720	3	12978	6	5	1275	11598	4361	10336	3765	10800	1	9	180	1	5	2	2569	523	7	12	13	4	11183	195	1	13	3943	0	60	2227	12	19	3118	1890	13	6	2	0	1	1	0	8	18	1	0	5	8	0	0	7	21	1660	0	1	1	4	489	85	1	0	2	766	1	47	2	2	1	0	0	4	0	0	2	216	2879	1	15	940	0	3	1	12	51	123	0	1122	19	13	23	2	165	2	0	1	1	0	0	0	3	0	0	0	0	1	1	2	0	1	1	1	0	1	0	0	1	1	1	0	0	0	0	0	0	0	0	0	0
R5332_S33	15992	11379	8386	11581	13887	20913	393	8055	0	19	2	405	2476	171	18061	1	28151	14267	38397	25074	18065	6665	1416	10368	11837	150	104	20	15118	10135	1176	0	1363	5	621	365	8373	28	262	1155	1929	12162	720	2260	0	13333	9016	0	1	482	0	0	5208	11221	2713	317	0	4199	0	90	1	3	0	11399	0	0	1	6	48	2269	136	279	0	884	79	5562	2508	12	1745	6116	3070	2584	7152	4108	3841	454	2108	82	52	8681	7874	0	0	1281	0	496	400	11	7337	4	0	110	50929	280	0	3	75	29560	13489	6358	4536	3302	0	27522	839	2	18359	18299	0	15206	5	9	2038	14007	5200	12880	4237	13254	0	3	291	0	3	0	3080	873	5	2	3	5	11921	109	0	6	2942	0	99	3801	3	8	5353	2187	19	2	0	1	1	0	0	0	4	0	2	1	0	0	4	3	7	2177	1	0	0	5	368	244	3	0	0	1661	0	11	4	1	1	0	0	2	0	0	0	308	4049	0	17	2447	2	4	0	8	96	179	0	1159	11	69	8	0	118	0	0	0	0	0	0	0	0	1	0	0	0	0	0	0	0	0	0	0	0	0	0	0	0	0	0	0	0	0	0	0	0	0	0	0	0
R5333_S34	11066	7871	5418	7384	9282	12194	190	5627	0	10	0	360	1666	170	12382	0	19056	9446	25783	16879	11711	4624	953	6637	8179	161	47	13	10295	6691	863	0	825	3	411	302	5603	4	319	780	1279	8286	506	1326	1	8394	5947	0	0	289	0	0	3490	8044	1592	232	0	3027	0	102	0	0	0	8141	0	0	3	1	33	1656	81	166	0	718	48	3644	1727	7	1203	4289	2191	1732	4875	2776	2423	262	1524	62	31	5612	5627	1	4	929	0	340	416	19	4741	10	0	60	35371	132	0	4	38	18184	9237	3814	2445	1972	0	18916	536	2	12620	13165	0	10488	1	3	1315	9585	3340	8969	3133	8749	0	2	246	0	2	0	2285	466	0	2	1	1	8249	70	0	5	1970	0	81	2485	5	5	3590	1654	8	2	0	0	0	0	0	2	7	0	0	0	3	1	2	2	2	1513	0	1	0	0	227	242	0	0	0	1076	0	3	2	0	1	0	0	0	0	1	1	180	2704	0	32	1583	2	1	0	20	44	130	0	746	7	27	10	1	51	0	0	0	0	0	0	0	0	0	0	0	0	0	0	0	0	0	0	0	0	0	0	0	0	0	0	0	0	0	0	0	0	0	0	0	0
R5334_S35	14683	10597	7419	10900	12862	17917	348	7535	0	7	1	430	2730	156	16682	0	25721	12997	36719	23344	16030	6107	1434	9443	11002	166	38	17	14121	9336	985	0	974	4	549	395	8087	7	385	994	1723	10925	819	1659	1	11003	8745	0	0	410	2	0	4959	10955	2236	152	0	3984	0	100	0	1	0	10448	0	0	1	3	18	2360	109	277	1	935	46	5260	2114	5	1302	6143	3168	2481	6758	4017	3662	396	2323	63	55	8307	7485	1	22	1281	0	480	430	20	6838	4	0	120	47114	141	0	4	49	22507	12110	4419	2781	3069	0	25566	744	0	17645	16684	0	13792	1	0	2078	13533	4337	11745	4074	12570	0	0	278	0	4	0	2762	721	0	2	1	10	11698	103	0	5	2445	0	75	3275	7	2	4967	2178	4	1	0	0	1	0	0	2	6	0	1	1	2	0	0	2	2	2046	0	0	0	0	218	361	0	0	0	1618	0	20	1	0	0	0	0	2	1	4	0	295	3800	0	26	2019	1	0	1	15	41	117	2	1159	7	80	18	0	53	0	0	0	0	0	0	0	0	0	0	0	0	0	0	0	0	0	0	0	0	0	0	0	0	0	0	0	0	0	0	0	0	0	0	0	0
R5335_S36	14165	7346	8134	9420	10800	17610	550	6067	0	39	0	443	1420	194	13607	0	21642	11588	30890	19413	15816	4999	778	9611	9660	287	65	30	11970	8199	1197	1	1561	5	479	263	7324	16	554	950	1404	11449	517	2063	2	12501	7009	0	1	261	0	0	2996	9380	2946	382	0	3271	0	67	0	9	0	10176	0	0	16	0	28	1913	109	147	0	1158	74	3663	1848	21	1882	4049	2288	1758	5522	2956	2572	241	1610	123	49	7982	6305	0	6	965	3	330	589	22	6577	13	0	100	39726	362	0	5	172	38882	12890	12063	7602	3764	0	21512	843	0	15044	14745	0	11970	3	3	1297	10965	4115	10175	3830	10689	0	0	190	0	2	0	2402	596	3	4	1	0	11107	104	0	3	3017	0	95	2570	3	6	3792	1728	11	2	0	1	0	0	0	0	6	0	1	0	0	0	0	8	8	1569	0	1	0	2	411	218	4	0	0	990	0	11	3	0	0	0	0	0	1	2	0	189	2833	0	44	1166	0	3	1	50	25	88	0	1143	15	26	20	1	185	0	0	0	0	0	0	0	0	0	0	0	0	0	0	0	0	0	0	0	0	0	1	0	0	0	0	1	0	0	0	0	0	0	0	0	0
R5336_S37	13457	9411	7126	9845	11275	17073	298	7048	1	6	0	381	2126	250	15300	0	23462	11760	32130	20982	14029	5850	1260	8266	9337	132	100	17	12773	8535	1146	0	1150	16	555	373	7442	7	296	1082	1534	10775	663	1889	1	10665	7506	0	0	572	0	0	4870	9857	2022	284	0	3762	0	81	0	0	0	9718	0	0	1	2	47	2227	62	177	0	996	37	4620	2197	50	1339	5683	2740	2229	6721	3783	3418	416	2094	41	53	7525	6692	1	24	1232	5	480	745	2	7202	9	0	73	41157	217	0	5	78	23511	11246	4879	3368	2636	0	22058	696	4	15682	14856	1	12938	3	3	1956	11780	4237	11265	3819	11429	0	2	205	0	3	0	2479	893	0	1	0	1	10769	71	0	3	2557	0	67	4238	6	2	4542	2058	19	0	0	0	0	0	1	0	5	0	0	0	0	0	0	10	6	1522	0	2	0	1	293	301	0	0	0	1502	0	13	3	1	0	0	0	2	0	1	0	354	3489	0	18	1615	1	1	0	14	147	80	0	943	11	43	12	0	56	1	0	0	0	0	0	1	0	1	0	0	0	0	0	0	0	0	0	0	0	0	0	0	0	0	0	0	0	0	0	0	0	0	0	0	0
R5337_S38	14512	7692	8631	10124	10747	16360	423	6038	0	23	0	367	1496	147	13773	0	23489	12261	31694	20269	16714	5268	847	10570	10443	242	40	22	12794	7973	1462	0	1605	18	473	278	7247	12	481	986	1423	12378	480	1603	1	13358	6725	1	0	269	0	0	3175	9787	3103	698	0	3692	0	127	0	1	0	10119	0	0	0	7	46	2128	127	219	0	1334	134	3836	2515	24	1860	4237	2198	1756	5834	3227	2587	229	1709	121	23	8024	6610	0	1	899	2	394	556	18	6382	16	0	53	42140	363	0	9	64	40529	13477	10847	7607	3911	0	23157	804	3	15551	15889	1	13417	5	10	1345	12097	4506	10873	4013	11269	0	0	189	0	5	0	2641	619	2	1	0	1	11408	91	0	20	3711	0	100	2414	0	9	3496	1851	11	3	0	0	0	0	0	0	6	0	0	1	1	0	0	4	6	1849	0	4	0	1	454	162	2	0	0	947	0	19	5	0	0	0	2	6	1	1	0	271	2846	1	32	1284	0	3	0	21	29	147	0	1206	15	18	20	0	93	0	0	0	0	0	0	0	0	0	0	0	0	0	0	0	0	0	0	0	0	0	0	0	0	0	0	0	1	0	1	0	0	0	0	0	0
R5338_S39	16316	9613	9249	11547	13497	21081	466	7849	0	30	6	438	2064	212	17155	0	26888	14210	38013	24418	18680	6494	1183	10962	11608	230	67	34	15389	10094	1486	0	1659	19	537	458	8443	25	383	1189	1720	13688	726	2147	0	13934	8591	0	0	281	0	0	4289	11313	3388	571	0	4290	0	103	0	0	0	11991	0	0	5	1	55	2632	71	187	0	1190	175	4772	2581	23	2054	5547	2904	2353	7047	3939	3474	388	2210	156	52	9075	7835	0	18	1252	1	522	560	12	8056	15	0	129	49571	276	1	1	119	38301	14699	10204	7195	3910	0	26392	868	2	18403	18577	1	14780	0	1	1870	14285	5176	12754	4540	13406	0	1	210	0	15	0	2985	738	0	2	2	14	12549	101	0	14	3564	0	73	3012	6	14	4675	2265	20	1	1	2	0	0	0	0	6	0	0	0	1	1	0	5	13	1970	0	1	2	2	363	318	3	0	0	1318	2	19	2	1	0	0	1	6	2	8	0	354	3689	0	21	1762	1	2	0	17	60	126	0	1418	10	49	26	0	120	0	0	0	0	0	0	0	0	0	0	0	0	0	0	0	0	0	0	0	0	0	0	0	0	0	0	0	0	0	0	0	0	0	0	0	0
R5339_S40	13696	7069	8215	10172	10963	18338	446	6165	0	19	0	338	1359	108	14192	0	20636	11525	29515	19251	15402	5286	831	10612	9512	183	67	42	12064	8036	1452	0	1945	35	387	244	6777	15	372	1022	1178	11542	565	1639	0	13179	6402	1	2	258	0	0	2954	9741	3316	471	0	3538	0	73	0	3	0	10365	0	0	4	4	91	2027	84	192	0	1016	95	3338	2031	25	1694	4080	2615	2063	5258	3570	2593	211	1718	120	27	7898	6184	0	4	772	0	396	403	15	7123	23	0	78	38612	443	0	4	175	38299	13127	10361	8090	4300	0	20539	753	2	14465	14483	0	12147	4	0	1489	11276	3998	10094	3542	10446	0	5	252	0	0	0	2540	583	7	1	0	2	10095	66	0	2	3286	0	58	2516	11	4	3145	1845	3	0	0	0	0	0	0	0	1	0	1	0	0	0	0	5	17	1482	0	1	0	0	243	137	1	0	0	875	0	3	2	1	0	0	1	0	0	0	1	251	2525	0	9	1362	0	0	0	13	41	110	0	1030	12	21	18	0	148	0	0	0	0	0	0	0	0	0	0	1	0	0	0	0	0	0	0	0	0	0	0	0	0	0	0	0	0	0	0	0	0	0	0	0	0
R5340_S41	13577	11354	7049	12283	14214	17813	382	7982	0	8	0	341	2432	269	16214	0	25436	12399	35035	24065	14715	6683	1621	9087	11088	123	75	13	13973	9758	1012	0	820	6	357	328	6720	3	203	1046	2033	10288	804	2014	0	11008	8787	1	0	365	0	0	5154	10652	1724	96	0	3928	0	21	0	3	0	11018	0	0	1	0	25	2320	104	256	0	544	20	5329	2361	13	1300	5958	3343	2914	6719	4159	3844	383	2000	41	3	7750	7551	0	2	1258	0	512	329	6	5683	2	0	30	47856	284	0	3	49	16676	11263	3290	1846	2235	1	25651	761	4	19020	16430	0	13734	3	3	1770	12972	4566	11996	3761	10744	0	1	254	0	2	0	2867	656	1	2	1	0	10516	114	0	2	2060	0	45	2873	1	2	4958	1906	13	1	0	0	0	1	0	0	5	0	1	1	0	0	1	1	4	1842	0	0	1	1	138	173	0	0	0	1250	0	6	2	1	0	0	0	1	0	0	0	332	3236	0	11	2494	1	3	0	5	31	97	0	722	3	114	3	1	37	0	0	0	0	0	0	0	0	0	0	0	0	0	0	0	0	0	0	0	0	0	0	0	0	0	0	0	0	0	0	0	0	0	0	0	0
R5341_S42	14112	11438	7362	12073	14392	19891	364	8375	0	9	0	393	2797	212	17468	1	27502	13192	38816	24933	16114	7025	1631	10084	11610	142	38	10	14501	10425	938	3	758	3	574	345	8280	6	153	1099	1976	10539	720	2124	0	11354	9293	0	1	476	0	0	5484	10761	2204	119	0	4471	0	51	0	0	0	11967	0	0	1	4	31	2499	77	227	0	492	42	5842	2428	9	1323	6865	3156	2497	6922	4277	4153	314	2085	74	59	8864	7778	1	41	1415	0	617	199	6	6658	6	0	94	49117	112	0	8	85	19175	12202	2787	1816	2536	0	26184	603	3	18970	16913	0	13998	1	4	1945	13463	4781	12314	3958	12551	0	5	333	0	1	0	3177	866	0	2	0	0	10916	100	0	5	2139	0	87	3320	6	3	5585	2105	33	1	0	0	0	0	0	1	1	0	0	0	0	0	0	5	0	2040	0	0	0	0	191	196	0	0	0	1752	0	11	5	0	0	0	0	2	0	1	0	411	4135	0	9	2457	0	0	0	12	79	107	0	1024	4	75	3	0	34	0	0	0	0	0	0	0	0	0	0	0	0	0	0	0	0	0	0	0	0	0	0	0	0	0	0	0	0	0	0	0	0	0	0	0	0
R5342_S43	15097	9204	8597	9659	10706	16951	263	6735	0	12	0	623	1888	197	15820	0	25415	13231	32233	21388	16227	5858	1044	8875	11523	173	56	19	12909	8259	1506	1	1587	15	407	389	6796	5	347	1065	1713	12687	709	1783	0	12847	7021	0	4	174	0	0	4004	11841	2850	282	0	3856	0	89	0	3	0	10680	0	0	2	4	63	2129	63	166	0	1353	109	4205	2463	33	1812	5062	3173	2148	6574	3719	2692	256	1802	66	14	6255	7238	0	22	1120	1	341	624	23	5802	1	1	40	48472	348	0	1	146	32675	13542	10850	7080	4185	0	25617	869	1	16260	16875	0	14306	11	0	1535	13131	4983	11941	4160	12052	0	1	187	0	2	0	3348	704	1	0	1	0	11857	136	0	8	3067	0	115	2310	2	13	4276	1881	19	2	0	0	0	0	0	0	4	0	3	0	0	0	0	3	12	1895	0	0	0	0	292	284	0	0	0	890	0	18	1	4	2	0	0	4	0	2	0	248	3565	0	10	1758	3	2	1	9	329	173	0	1150	11	30	10	0	163	0	0	0	0	0	0	0	0	0	0	0	0	0	0	0	0	0	0	0	0	0	0	0	0	0	0	0	0	0	0	0	0	0	0	0	0
R5343_S44	14161	5702	8732	8201	9258	16293	573	5271	0	47	0	535	1036	184	12282	1	20998	11056	28123	18276	17133	4665	593	10379	10258	246	17	54	11763	7487	1542	0	1871	6	470	164	7068	8	602	932	1215	12808	466	1925	0	13825	5957	3	11	130	0	0	2312	9377	2846	373	0	3454	0	95	0	7	0	10858	0	0	1	4	52	1843	160	165	0	1301	207	2782	2230	13	1999	3815	2305	1630	5331	2898	2085	114	1162	91	15	9132	6564	1	0	734	3	514	816	60	5454	1	0	34	38127	441	0	1	138	44811	14082	16446	10009	4316	0	20635	855	1	14461	14319	1	12036	14	5	1109	10831	3859	10177	3824	10368	0	1	140	0	4	0	2357	572	0	3	5	0	11230	118	0	0	3797	0	64	1903	5	14	2997	1823	3	1	0	0	0	0	0	0	7	0	0	0	0	0	0	1	7	1360	0	0	1	3	618	115	1	0	0	463	0	33	0	3	0	0	0	7	0	0	0	187	2469	0	43	937	0	7	0	56	23	147	0	1159	27	12	20	1	148	0	0	0	0	0	0	0	0	0	0	0	0	2	0	0	0	0	0	0	0	0	0	0	0	0	0	0	0	0	0	0	0	0	0	0	0
R5344_S45	13764	11486	6724	10736	13688	17866	318	7790	0	9	0	424	2888	204	17011	0	26611	13079	38149	24816	15395	6698	1613	9206	10373	99	33	10	14494	9863	1038	0	626	0	554	533	8100	5	179	1006	1767	9851	821	1497	0	10199	8681	0	0	298	0	0	5255	10822	1737	87	0	4331	1	53	0	1	0	10610	0	0	0	0	8	2583	76	223	1	759	20	5838	2144	10	1220	7066	3113	2730	7090	3959	4337	286	2317	40	20	7853	7434	0	2	1429	1	560	133	2	6858	2	0	112	48153	71	0	16	84	16764	11331	2025	1279	2821	0	26029	571	1	18050	16929	0	13325	0	3	2015	13503	4723	11618	3740	12131	0	2	255	0	2	0	2961	825	3	0	0	2	10620	107	0	12	1906	0	71	2921	1	2	6025	1999	21	0	0	0	0	0	0	0	9	1	0	1	0	0	0	2	0	1919	0	1	2	0	100	594	0	0	0	1637	0	128	0	2	1	0	0	0	0	1	0	351	3982	0	17	2309	0	0	0	8	63	61	1	895	3	20	14	0	26	0	0	0	0	0	0	0	0	0	0	2	0	0	0	0	0	0	0	0	0	0	0	0	0	0	0	0	0	0	0	0	0	0	0	1	0
R5345_S46	15151	11469	8402	12116	15162	19855	426	8515	1	26	1	532	2906	198	18098	0	28138	13978	39259	26260	17861	7151	1794	10495	11620	184	70	17	16055	10202	1356	1	1139	7	486	316	8313	24	225	1276	2039	11582	770	2542	0	13339	8966	1	0	488	0	0	5273	11895	2418	257	0	4459	1	41	0	0	0	12641	0	0	1	6	79	2590	121	243	0	783	72	5289	2742	64	1572	6885	3372	2735	7097	4143	4207	393	2321	84	26	8489	8168	0	16	1505	9	487	495	22	6244	1	0	68	52390	237	0	16	79	25192	13203	4766	3210	3948	0	27483	835	0	19584	18266	1	14944	2	1	1871	14162	5381	13673	4207	12867	0	0	323	1	1	0	3285	815	3	3	0	0	12263	102	1	2	2844	0	66	3923	20	4	5143	2142	51	1	0	1	0	0	0	2	3	0	1	0	2	0	0	6	5	2161	0	0	1	0	206	240	2	0	0	1418	0	10	10	0	0	0	2	0	0	0	0	377	3638	0	10	2329	0	2	1	8	318	115	0	1015	2	70	5	0	69	0	0	0	0	0	0	0	0	0	0	0	0	0	0	0	0	0	0	0	0	0	0	0	0	0	0	0	0	0	0	0	0	0	0	0	0
R5346_S47	15692	7210	9922	12205	11068	20450	442	6919	6	64	0	395	1473	114	13693	0	21869	12052	32737	20051	15570	5185	835	10677	10155	215	52	110	12863	8548	1445	0	2120	15	619	226	8038	23	753	1288	1690	13589	686	2522	1	14211	7231	0	0	286	0	0	3346	10155	2716	406	0	3683	0	77	0	0	0	10270	0	0	0	0	42	2523	47	118	0	1512	46	3704	1839	13	1754	3989	1943	1618	5952	2772	2728	232	1568	106	8	7385	7032	0	6	854	0	367	275	45	8345	5	0	64	40964	167	0	4	49	38712	13339	15077	9173	3765	0	20968	830	2	15472	14836	0	12659	5	6	1509	12128	4249	10034	3787	10774	0	0	188	0	3	0	2620	637	1	6	1	0	11325	108	0	3	3072	0	23	2240	1	5	3585	2098	14	3	0	0	0	0	0	2	6	0	0	0	0	1	1	0	0	1572	0	1	0	1	516	78	3	0	0	913	0	60	0	0	0	0	0	7	0	0	0	314	2822	0	10	1246	1	1	0	10	56	94	0	1302	6	56	2	0	78	0	0	0	0	0	0	0	0	0	0	0	0	0	0	0	0	0	0	0	0	0	0	1	0	0	0	0	0	0	0	0	0	0	0	0	0
R5347_S48	15030	9130	8194	9269	11102	18286	270	7035	0	21	0	522	2215	309	16934	2	24326	12423	31321	20658	14777	5831	1148	7989	10813	266	173	30	12800	8229	1222	1	1909	17	371	424	6176	7	390	1154	1879	11616	692	2729	5	12485	7118	0	0	527	1	0	4383	10833	3510	186	1	3349	0	68	0	1	0	11162	0	0	1	13	57	2373	175	290	1	800	31	4156	2093	78	1669	5612	3235	2409	6170	4129	3205	386	1952	46	4	8663	7370	0	5	996	0	627	686	5	4568	3	0	25	45209	277	0	20	49	28958	12975	8797	5360	5326	0	24160	882	19	16470	16422	0	13993	2	2	1636	12656	4404	11485	3855	10962	0	0	305	0	2	1	2864	782	2	4	2	0	11312	110	1	0	3018	1	110	4605	5	14	4426	2035	57	2	0	0	0	1	0	0	2	0	1	0	0	0	0	23	1	1851	0	0	0	2	378	225	1	0	0	1189	0	20	20	0	0	0	0	1	0	0	0	359	3634	0	15	1801	1	2	3	10	283	189	7	1027	14	92	3	0	138	0	0	0	0	0	0	0	0	0	0	0	0	0	0	0	0	0	0	0	0	0	0	0	0	0	0	0	0	0	0	0	0	0	0	0	0
R5348_S49	13635	9494	7738	10434	11824	17866	500	7099	0	15	0	327	2088	123	16067	0	24097	11996	33331	21487	14861	6019	1254	8344	10617	101	27	25	13038	8713	1272	1	1041	14	510	459	6555	28	242	1008	1612	10905	678	1620	0	11116	7480	0	5	332	0	0	4372	9876	2509	219	0	4119	0	28	0	4	0	10844	0	0	2	0	69	2380	115	203	0	702	29	4637	2159	33	1355	5416	2793	2200	6024	3741	3575	297	1944	125	21	7758	6957	0	12	1273	1	532	335	46	6052	2	0	62	44250	186	0	1	114	25530	11838	5345	3815	3391	0	23098	779	3	16708	15972	0	13319	2	4	1669	12140	4575	11575	3833	11400	1	1	227	0	4	0	2852	734	2	3	3	3	10935	136	0	1	2559	0	46	2352	4	8	4287	2059	22	0	0	2	0	0	0	0	3	1	2	0	0	0	0	0	3	1802	0	1	0	0	209	284	1	0	0	1065	1	15	5	0	1	0	0	2	1	1	0	345	3468	0	27	1965	0	4	0	8	130	60	0	788	5	116	11	0	99	0	0	0	0	0	0	0	0	0	1	0	0	0	0	0	0	0	0	0	0	0	0	1	0	0	0	0	0	0	0	0	0	0	0	0	0
R5349_S1	13250	9966	6970	9406	12144	17834	359	7180	0	7	0	329	2802	133	15367	0	24922	11756	33733	20954	14411	5372	1252	7650	9731	88	102	11	12223	8563	1134	0	532	46	496	376	6254	3	135	1025	1854	10264	716	1200	1	9751	7958	0	0	254	0	0	4109	10674	2048	69	0	3916	1	28	2	0	0	9929	0	0	1	2	70	2407	61	216	1	520	42	5448	1934	130	1276	5554	2451	2268	6515	3573	3526	423	1868	49	53	6791	6880	0	18	1184	0	431	191	5	5045	2	1	58	44746	98	0	2	64	18455	10577	1721	923	6161	0	23129	627	16	15724	14682	0	13024	0	0	1871	12430	4080	11027	3545	11298	0	1	187	0	0	0	2726	689	0	1	0	1	9992	86	0	1	2114	0	56	2571	2	11	4513	1591	91	1	0	1	1	0	0	0	2	0	0	0	0	0	1	2	1	1777	0	0	2	0	51	299	0	0	0	1250	0	18	0	0	0	0	0	0	0	0	0	412	3598	1	12	2028	1	0	0	3	563	73	0	879	6	90	2	0	33	1	0	0	0	0	0	0	0	0	0	0	0	0	0	0	0	0	0	0	0	0	0	0	0	0	0	0	0	0	0	0	0	0	0	0	1
R5350_S2	11600	8789	5795	8027	10547	14492	273	5963	0	7	0	322	2074	129	12721	0	20466	10467	27900	18283	11759	4718	1257	5945	8659	96	61	3	11129	7272	872	0	531	1	412	353	5383	6	144	786	1482	8304	661	1090	0	7849	6851	0	0	207	0	0	3862	8514	1601	182	0	3181	0	24	0	1	0	7845	0	0	0	1	29	1885	42	109	0	690	39	4406	1701	21	1047	4919	2311	2210	5326	3000	3170	240	1846	52	30	5626	5614	0	15	868	2	362	227	6	5238	2	0	87	37714	129	0	19	67	16034	9095	2684	1630	2454	0	19221	518	0	13291	13299	0	11014	3	25	1442	10418	3663	8923	2925	9780	0	0	177	0	1	0	2136	540	0	2	1	0	8510	75	0	4	1802	0	52	1918	1	5	3956	1430	25	2	0	1	0	0	0	0	3	2	1	0	0	0	1	6	3	1514	0	0	0	0	94	378	0	0	0	1109	0	5	1	1	1	0	0	2	0	0	0	275	3330	0	12	1750	2	1	0	5	123	63	0	709	4	30	3	0	55	0	0	0	0	1	0	0	0	0	0	0	0	0	0	0	0	0	0	0	0	0	0	0	0	0	0	0	0	0	0	0	0	0	0	0	0
R5351_S3	12082	8867	5991	7932	10929	15255	274	6529	3	31	0	387	2234	195	14140	0	21918	10857	31225	19597	14057	5185	1285	7848	9263	168	37	11	12379	7725	855	0	799	2	503	281	6406	8	174	919	1462	9674	674	1584	0	9461	7276	0	0	287	0	0	4245	9356	1839	139	0	3486	0	37	0	1	0	8981	0	0	0	3	30	2004	124	178	0	627	31	4632	1898	19	1240	5388	2721	2251	5926	3408	3654	314	1721	51	30	7125	6462	0	4	1183	21	394	407	7	5294	4	0	93	39776	131	0	7	141	18575	10575	3988	2415	2870	0	20878	489	1	14670	13843	0	11698	5	0	1627	11144	3881	10240	3269	11005	0	1	196	0	2	0	2464	582	3	1	1	2	9205	84	0	0	2174	0	39	2801	4	2	4703	1877	7	0	0	0	0	0	0	0	5	0	0	0	0	0	0	1	3	1562	0	0	0	1	142	335	1	0	1	1150	0	18	0	0	0	1	2	2	0	0	0	264	3199	0	17	1740	2	2	0	5	82	79	0	804	3	25	5	0	30	2	0	0	0	0	0	0	0	0	0	0	0	0	0	0	0	0	0	0	0	0	0	0	0	0	0	0	0	0	0	0	0	0	0	0	0
R5352_S4	11770	9374	5904	8565	11436	15594	288	6486	0	7	0	360	2227	128	14737	0	22178	10942	30937	20206	12790	5688	1385	7009	9215	86	80	3	12249	8357	832	1	597	7	526	439	6020	2	159	890	1599	8864	728	1545	0	8785	7730	0	0	254	0	0	4422	8996	1626	129	0	3416	0	43	0	0	0	9166	0	0	2	0	28	2008	50	173	0	624	31	4660	1923	9	1095	5714	2544	2084	5860	3351	3575	314	1905	51	43	7137	6247	1	14	1127	0	419	206	8	5335	2	0	87	40732	105	0	3	72	16313	9627	2583	1446	2543	0	21006	557	0	14518	14075	0	11320	2	2	1645	11152	3953	9581	3378	10750	0	4	210	0	2	0	2662	680	0	1	1	0	8727	77	0	2	1794	0	36	2375	1	4	4808	1687	23	0	0	0	1	0	0	1	5	0	1	4	1	0	1	5	3	1525	0	0	0	1	79	329	0	0	0	1272	0	7	2	0	1	0	0	0	0	0	0	290	3446	0	8	2075	1	1	0	9	32	88	0	691	2	85	8	0	22	0	0	0	0	0	0	0	0	0	0	0	0	0	0	0	0	0	0	0	0	0	0	0	0	0	0	0	0	0	0	0	0	1	0	0	0
R5353_S5	14124	9910	7218	10359	12221	17483	316	7226	0	16	1	462	2520	174	16203	0	25339	12015	35925	23361	15195	5983	1323	9376	10705	148	46	15	14243	9987	1271	0	710	9	511	571	7943	11	291	948	1681	10619	830	1711	0	9881	7867	0	0	299	0	0	4830	10195	2146	157	0	4422	0	104	0	0	0	10469	0	1	0	1	48	2741	57	187	0	589	48	5243	2386	33	1431	6139	3102	2302	6673	3621	3840	283	2357	69	66	7462	7220	0	30	1298	2	517	317	18	6781	9	0	95	44364	143	0	28	95	21731	11676	3132	1865	4279	0	23502	688	1	16736	15904	0	12866	4	2	1877	12365	4550	11055	3615	11267	0	0	257	0	3	0	2646	966	0	2	1	2	10268	97	0	12	2237	0	72	2611	1	2	5104	2068	16	7	0	1	0	0	0	0	2	0	2	2	1	0	0	1	1	1707	0	0	0	0	111	467	0	0	0	1645	0	6	0	0	0	1	0	1	0	0	0	384	3816	0	7	2051	20	1	0	6	127	166	1	1102	5	77	3	0	80	0	0	0	0	0	0	0	0	0	0	0	0	0	0	0	0	0	0	0	0	0	0	0	0	0	0	0	0	0	0	0	0	0	0	0	0
R5354_S6	12544	9215	6911	9002	11068	15233	270	6630	0	12	0	534	2563	373	13949	0	22598	11444	30663	19599	11922	5657	1286	7060	9562	291	137	6	11516	8349	1224	0	1254	3	323	413	6297	14	623	900	1751	9164	775	2051	10	9886	6891	0	1	607	0	0	4427	9439	1775	135	0	3505	1	83	0	0	0	9828	0	0	3	1	36	1963	171	192	1	873	23	4306	2267	39	1225	5042	2745	2282	5971	3573	3192	399	2192	39	28	6438	6497	0	5	1147	3	442	609	12	5591	4	0	45	39291	194	0	1	33	20211	10922	2360	1523	2472	0	21714	716	0	14886	14788	1	12531	2	9	1676	10753	4082	10293	3508	10086	0	4	277	0	4	0	2718	753	0	0	0	0	9960	118	0	2	2308	0	145	4395	1	2	4450	1683	53	3	0	0	0	0	0	0	6	0	0	14	0	0	0	61	1	1678	0	0	0	0	237	488	0	0	0	1653	0	6	3	0	0	0	0	2	0	0	0	354	2867	0	63	1807	0	1	2	31	235	91	0	803	11	57	18	1	47	0	0	0	0	0	0	0	0	0	0	0	0	0	0	0	0	0	1	0	0	0	0	0	0	0	0	0	0	0	0	0	0	0	0	0	0
R5355_S7	11788	6542	7011	8339	9780	16115	435	5566	0	16	1	262	1400	95	12501	0	19199	10034	27117	17226	13917	4252	749	8992	8561	121	33	25	10602	7421	1078	0	1326	6	464	201	6393	16	340	841	1262	9791	457	1357	0	10973	6526	0	0	215	0	0	3030	7977	2520	294	0	3197	0	44	0	6	0	8523	0	0	0	8	24	1972	110	181	0	797	60	3399	1856	19	1365	4264	2182	1683	4719	2979	2646	197	1608	43	36	7458	5636	0	1	758	0	455	290	19	5373	7	0	76	34603	229	0	4	113	30359	10529	8315	5505	4127	0	17567	722	2	12995	12177	0	10128	1	1	1397	9845	3487	8151	3216	9715	0	1	143	0	0	0	2247	539	0	5	1	1	9064	99	0	6	2644	0	59	2176	4	5	3323	1566	12	0	0	1	0	0	0	0	4	2	0	6	2	0	1	3	14	1280	1	1	1	1	267	117	0	0	0	921	0	16	5	0	0	0	0	3	0	1	0	294	2468	0	9	1092	1	2	0	12	64	64	0	967	8	26	21	0	105	1	0	0	0	0	0	0	0	1	0	0	0	0	0	0	0	0	0	0	0	0	0	0	0	0	0	0	0	0	0	0	0	0	0	0	0
R5356_S8	16677	9068	11698	13318	14625	20406	971	7264	44	136	0	626	3200	1047	17818	0	24065	11050	30214	22485	13977	6833	1171	10265	11552	1005	124	22	13095	8264	1944	0	2470	47	578	633	8616	5	835	1227	1781	10900	729	3203	11	12475	7144	0	0	731	0	0	5181	10662	3852	1166	0	4665	0	91	0	0	0	14499	0	0	16	6	111	2587	659	263	2	725	1	3377	2552	50	1565	5254	3513	2722	5966	4682	3658	600	2654	230	2	7937	7256	0	1	1092	114	577	1547	155	6000	0	0	69	36421	452	0	79	201	46019	17223	3198	1941	13976	0	20571	1011	0	16384	15824	0	13647	8	0	2077	11248	4664	11279	4278	10068	0	1	325	0	0	0	2725	1125	4	1	0	0	11278	59	0	1	2784	0	172	6715	16	0	4982	2282	16	0	0	0	0	0	0	0	3	0	1	1	1	0	0	61	0	1342	1	0	0	15	514	558	1	0	1	1639	0	20	0	0	0	0	34	1	0	0	0	202	2590	0	234	1563	1	0	0	117	140	244	0	1026	196	135	139	2	53	0	0	0	0	0	0	0	0	0	0	0	0	0	0	0	0	0	0	0	0	0	0	0	0	0	0	0	0	0	0	0	0	0	0	0	0
R5357_S9	14896	5261	9631	9325	10053	18532	390	5734	0	47	1	646	712	350	13073	0	20081	11011	27513	17696	18140	4744	366	12858	10374	191	24	70	12055	7570	1780	1	2981	8	452	130	7017	27	601	1057	1088	15393	364	1981	0	16010	6231	3	10	151	2	0	1918	9792	4457	809	0	3601	0	70	0	9	0	10786	0	0	1	3	45	2371	67	128	2	1067	68	2559	2072	36	2113	3972	2870	1720	5534	3855	2209	116	1289	137	0	9912	6922	0	4	677	0	373	1651	29	5909	9	0	39	38860	557	0	3	255	50527	14348	21120	13230	7273	0	18674	1222	1	13756	14401	0	12338	1	4	1354	10383	4070	9501	4022	10430	0	1	175	0	1	0	2274	494	4	2	0	1	11557	180	0	2	4047	0	97	1643	15	22	2210	2147	8	0	0	0	0	0	0	2	6	0	0	0	4	0	14	1	9	1115	0	2	0	5	628	24	0	0	0	310	0	44	0	0	0	0	1	2	1	0	0	233	2081	0	27	632	0	2	1	10	51	101	0	1273	9	15	42	0	250	1	0	0	0	0	0	0	0	0	0	0	0	0	0	0	0	0	0	0	2	0	0	0	0	0	0	0	0	0	0	0	0	0	0	0	0
R5358_S10	13397	11591	6325	8868	13215	17570	282	7432	39	111	0	316	3427	279	18451	0	26596	12577	37204	24283	15761	6603	1536	9530	10921	376	53	7	14608	9680	948	0	503	3	637	453	8279	0	121	968	1625	10290	808	1964	0	9762	8754	1	0	670	0	0	6261	11373	1439	80	0	3954	0	29	0	0	0	11152	0	0	0	9	16	2303	383	214	0	769	20	5833	2348	45	1278	6891	3381	2706	6987	4116	4511	414	2588	25	37	7344	7933	0	14	1451	85	509	685	13	5842	1	0	107	48129	94	0	70	69	17399	12976	1578	735	2357	0	24684	633	0	18235	16156	0	13558	3	1	1968	13716	4853	12560	3907	12848	0	1	313	0	0	0	3264	883	0	1	0	0	10760	64	0	3	2126	0	40	4482	14	1	6000	2223	70	2	0	0	0	1	0	0	1	0	0	1	0	0	0	4	0	1714	0	0	0	0	176	609	0	0	0	1409	0	12	3	0	0	1	0	0	0	1	0	310	4234	0	13	2481	1	1	0	5	166	46	2	760	9	48	2	0	35	0	0	0	0	0	0	0	0	0	0	0	0	0	0	0	0	0	0	0	0	0	0	0	0	0	0	0	0	0	0	0	0	0	0	0	0
R5359_S11	13823	6811	8150	9419	9798	17564	364	6137	2	27	1	400	1352	108	13579	0	20618	11019	29419	18353	15333	4806	753	10432	9948	195	54	46	11709	7482	1249	0	1915	17	466	206	6887	16	430	1101	1452	11798	484	1919	1	12495	6626	0	0	231	0	0	2725	9036	3430	504	0	3599	0	64	0	8	0	9342	0	0	2	2	36	2179	121	180	0	997	39	3556	2087	25	1681	4311	2535	1736	5547	3203	2527	196	1510	101	21	8189	6014	0	24	785	2	398	437	18	6360	4	0	60	38804	431	0	0	122	38885	12480	12148	7826	4666	0	19939	858	2	14479	14185	0	11626	2	1	1333	11310	3926	9568	3655	10856	0	2	145	0	1	0	2249	563	4	2	0	0	10471	99	0	3	3147	0	78	2186	5	15	3208	1885	29	0	0	0	1	0	0	0	6	0	0	0	0	0	0	3	1	1409	0	0	0	1	397	124	1	0	0	817	0	22	0	0	0	0	0	1	0	2	0	326	2711	1	19	1273	0	3	0	11	72	147	1	1100	16	24	24	0	186	0	0	0	0	0	0	0	0	1	0	0	0	0	0	0	0	0	0	0	0	0	0	0	0	0	0	0	0	0	0	0	0	0	0	0	0
R5360_S12	13797	10669	7373	10665	13809	18402	272	7715	0	8	2	360	2628	124	17341	1	26619	12995	37293	23088	14753	6453	1655	9413	11041	122	28	6	14515	9507	1065	0	972	5	442	448	7235	7	176	990	2091	10259	769	2126	0	10892	8380	2	2	427	0	0	5070	11626	2063	139	0	3917	0	42	0	1	0	11506	0	1	0	0	39	2770	147	325	0	475	35	5792	2559	19	1104	6303	3278	2327	6915	3919	4017	343	2106	62	33	8089	7544	1	5	1278	0	623	172	8	5880	4	1	56	48124	111	0	6	53	19909	11884	3394	2237	3442	0	24916	655	18	17705	16250	0	13821	1	0	1782	13097	4794	11835	3549	11552	0	2	209	0	0	0	3162	676	1	0	0	0	10538	117	0	2	2127	0	43	3254	4	9	5029	1942	25	0	0	0	0	0	0	0	4	0	0	0	0	0	1	1	2	2071	0	0	0	0	97	146	1	0	0	1081	0	42	2	1	0	0	0	0	0	0	0	426	3528	0	14	2447	1	0	0	2	102	65	1	722	2	72	4	0	48	1	0	0	0	0	0	0	0	0	0	0	0	0	0	0	0	0	0	0	0	0	0	0	0	0	0	0	0	0	0	0	0	0	0	0	0
R5361_S13	11146	3958	7065	7553	7732	14530	274	4203	0	46	0	321	513	32	10488	1	14711	8608	21595	13157	12974	3201	305	9230	7317	166	14	34	8645	5592	944	0	2060	9	360	93	5107	17	512	856	893	10409	404	1575	0	11525	4365	0	0	115	1	0	1502	7279	3859	480	0	2692	0	45	0	14	0	7849	0	0	1	20	42	1914	48	89	1	874	64	2194	1473	41	1495	2491	2091	1276	3849	2740	1853	121	1097	95	11	6688	4677	0	8	473	0	293	351	27	4619	5	0	38	28669	381	0	0	158	40466	10909	14161	9368	5157	0	14584	799	0	10395	10939	0	9170	5	5	898	8100	3008	7311	3020	8088	0	2	132	1	4	0	1697	366	4	7	1	0	8739	103	0	2	2783	0	78	1350	8	2	1782	1368	2	2	0	0	0	0	0	1	5	0	0	0	0	0	0	1	13	1062	0	1	0	1	284	38	1	0	0	311	0	8	1	0	0	0	0	5	0	0	0	242	1688	0	1	571	0	2	1	26	20	95	0	965	7	11	5	0	225	0	0	0	0	0	0	0	0	0	0	0	0	0	0	0	0	0	0	0	0	0	0	0	0	0	0	0	0	0	0	0	0	0	0	0	0
R5362_S14	12667	7132	7676	9246	10052	16111	468	5812	3	25	0	294	1546	128	12956	0	19517	10458	28543	17983	13783	4940	841	9743	8805	159	33	40	11406	7709	1063	0	1267	15	493	168	6711	12	385	930	1244	10122	541	1492	0	11062	6624	1	0	223	0	0	3184	8376	2185	324	0	3461	0	28	0	2	0	9026	0	0	1	0	27	2206	199	188	0	973	8	3364	1855	17	1185	4305	2139	1598	5064	2773	2690	233	1463	58	17	7214	5880	0	14	795	2	568	380	53	5871	3	0	87	35698	187	0	1	102	30822	11682	9580	6928	3967	0	18351	651	1	13727	12018	0	9989	6	4	1451	10440	3711	8539	3179	9755	0	2	154	0	2	0	2128	648	1	0	0	3	9689	133	0	2	2749	0	48	1887	3	3	3624	1600	6	0	0	0	0	0	0	0	2	0	0	0	3	0	1	0	3	1305	0	1	0	0	256	119	1	0	0	937	0	38	0	0	0	0	0	2	0	2	0	279	2557	0	28	1428	0	1	0	24	33	89	0	978	8	16	7	0	91	0	0	0	0	0	0	0	0	4	0	0	0	0	0	0	0	0	0	0	0	0	0	0	0	0	0	0	0	0	0	0	0	0	0	0	0
R5363_S15	11842	7969	6683	8532	10586	15466	253	6039	0	22	0	363	1961	156	13815	0	21151	10823	28889	18095	13525	4940	1220	7850	9221	138	66	16	11084	7789	922	0	1107	5	482	301	6118	19	332	893	1343	10096	640	1364	1	10011	6810	0	0	338	0	0	4028	9202	2206	230	0	3157	0	50	0	1	0	8733	0	0	2	0	26	1929	65	152	0	952	24	3935	1891	21	1310	4811	2721	2048	5657	3293	3183	266	1926	50	22	6300	6012	0	10	1053	1	354	458	13	5680	3	0	88	38899	175	0	1	93	23668	10327	5588	3895	2723	0	19706	653	2	14714	13509	0	11643	3	0	1536	10884	3910	9462	3471	10436	0	3	209	0	1	0	2306	675	4	1	0	2	9543	73	0	12	2250	0	120	2595	4	1	4230	1707	8	2	0	0	0	0	0	0	5	0	0	0	1	0	0	3	4	1710	0	0	2	0	185	306	0	0	0	1171	3	3	8	0	0	0	1	3	0	4	0	260	2722	0	27	1563	2	1	1	9	44	95	0	858	5	42	11	1	81	0	0	0	0	0	0	0	0	0	0	0	2	0	0	0	0	0	0	0	0	0	0	0	0	0	0	0	0	0	0	0	0	0	0	0	0
R5364_S16	13236	9167	8063	10078	12323	15849	351	6682	0	5	1	511	2695	117	15563	0	25008	12775	34651	21722	14710	5511	1340	9356	10815	113	64	5	13351	8589	1523	1	760	16	400	279	6324	4	210	1039	2183	9943	681	1116	0	10289	7680	1	0	240	0	0	4010	10548	1947	130	0	3818	0	48	0	1	0	10959	0	0	0	1	118	2441	132	183	0	651	16	4808	2433	33	1421	5685	2803	2416	6675	3908	3236	294	1929	41	12	5801	7089	1	3	1173	0	475	198	17	4931	4	0	70	46081	119	0	14	39	22323	11994	2223	1401	5514	1	23966	674	0	16376	16322	0	13575	2	1	1572	12573	4686	11549	3799	11111	0	1	272	0	2	0	3398	754	2	0	1	1	10197	53	0	4	2553	0	76	1940	0	25	4658	1587	51	0	0	0	0	0	0	1	5	0	0	6	0	0	0	3	2	1851	0	0	2	0	60	376	1	0	0	1042	0	10	6	2	0	0	0	1	0	1	0	397	3105	0	15	1945	22	1	0	8	588	181	0	910	5	10	7	0	81	0	0	0	0	0	0	0	0	0	0	0	0	0	0	0	0	0	0	0	0	0	0	0	0	0	0	0	0	0	0	0	0	0	0	0	0
R5365_S17	14079	8090	8740	11111	11243	18654	732	6811	0	21	0	486	1805	329	14597	0	22647	11519	31119	20181	15692	5598	1006	9889	10218	216	40	28	12142	8149	1542	0	1373	11	487	239	7088	8	489	985	1372	11305	582	1725	0	12937	7258	2	0	327	0	1	3419	9533	2711	292	0	3949	0	62	0	6	0	10606	0	1	8	0	51	2056	103	179	1	776	36	4153	2230	80	1509	4959	2683	2057	5827	3401	2923	282	1654	86	8	8137	6564	0	2	921	0	525	586	65	5533	5	0	70	40807	379	0	10	150	34468	13112	8238	5421	4942	0	22379	828	4	15641	15102	1	13196	0	0	1501	11424	4223	10317	3905	10642	0	2	225	0	3	0	2702	647	5	1	0	0	10886	204	0	9	3057	0	53	2446	3	5	3910	1820	15	1	1	0	0	0	0	0	3	0	0	0	2	0	0	8	9	1735	0	0	0	0	250	97	2	0	0	876	0	41	4	0	0	0	0	1	0	3	0	320	3016	1	6	1552	0	3	1	20	69	107	0	958	8	43	11	0	158	0	0	0	0	0	0	0	0	0	0	0	0	0	0	0	0	0	0	0	0	0	0	0	0	0	0	0	0	0	0	0	0	0	0	0	0
R5366_S18	9479	8470	4984	8310	10391	13411	323	5918	0	3	0	250	2035	191	12228	0	18965	9474	26948	17688	11607	4664	1153	7187	7703	96	85	5	10824	7417	867	0	505	11	350	206	5889	17	114	788	1392	6990	512	1472	1	7924	6735	0	0	368	0	1	3678	7626	1337	66	0	3024	0	28	1	1	0	8145	0	0	0	7	37	1813	125	169	0	322	14	4023	1813	45	727	4995	2311	1858	4891	2762	3253	296	1701	29	39	6283	5290	0	16	954	0	516	140	6	4378	4	0	70	34687	73	0	1	103	12108	8391	1476	982	2474	0	18212	501	0	12813	11515	0	9863	2	0	1391	9717	3197	8569	2734	8796	0	2	207	0	3	0	2098	535	1	0	1	0	8092	71	0	0	1492	0	48	2502	0	0	4151	1559	32	0	0	0	0	1	0	0	0	1	0	1	0	0	0	0	1	1258	0	0	5	0	88	97	1	0	0	1097	0	6	0	1	0	0	0	0	0	0	0	211	2842	0	5	1845	0	1	0	2	218	54	0	643	1	67	2	0	30	0	0	0	0	0	0	0	0	0	0	0	1	0	0	2	0	0	0	1	0	0	0	0	0	0	0	0	0	0	0	0	0	0	0	0	0
R5367_S19	11558	8270	5851	8687	10210	15594	323	6077	0	16	1	263	1884	134	13235	0	20586	10279	29590	18770	13687	4957	1103	7967	8945	114	64	11	11485	7933	798	0	907	3	511	208	6186	17	148	843	1502	8707	660	1520	0	9239	7216	2	1	320	0	0	3445	8582	2058	208	0	3515	0	48	0	4	0	8739	0	0	1	2	19	1969	70	166	1	552	46	4302	1859	13	1117	4865	2490	2011	5428	3182	3261	285	1674	63	25	7097	5788	0	0	1099	0	365	219	0	4925	0	0	78	38061	177	0	6	77	20514	9860	5057	3108	2580	0	20230	550	0	13869	13434	0	10620	3	3	1492	10167	3683	8991	3125	9453	0	1	169	0	2	0	2503	528	0	0	0	0	8917	65	0	1	1952	0	34	2173	0	4	3844	1539	16	1	0	0	0	0	0	0	4	0	12	0	0	0	0	0	2	1499	0	0	0	0	170	164	0	0	0	1131	0	7	2	1	0	0	0	0	0	0	0	300	2891	0	16	1601	0	2	0	16	69	101	0	704	4	52	2	0	50	0	2	0	0	0	0	0	0	0	0	0	0	0	0	0	0	0	0	0	0	0	0	0	0	0	0	0	0	0	0	0	0	0	0	0	0
R5368_S20	14772	8851	7780	10317	12177	19274	312	7084	8	30	0	325	2185	164	15018	0	23472	12145	33823	20703	15059	5142	1028	9027	9921	143	38	50	12580	8197	1142	0	1287	36	607	237	7091	7	442	1013	1888	11586	597	1914	0	11602	7784	0	0	340	0	0	4052	10376	2083	116	0	3662	0	29	0	0	0	10406	0	0	1	0	51	2402	88	170	0	949	24	4611	1831	56	1489	4897	2404	2038	6175	3412	3029	256	1794	52	69	7217	6830	0	17	1030	1	477	269	21	7215	0	0	82	41674	122	0	0	34	26224	11487	6919	4277	5204	0	22352	715	6	16086	14543	0	12776	1	1	1882	12271	4300	10217	3628	11726	0	0	166	0	0	0	2587	698	0	1	1	0	10623	84	1	3	2366	0	48	2644	0	4	4373	1679	56	1	0	0	0	0	0	0	2	0	1	0	0	0	0	0	1	1667	0	0	2	0	175	190	0	0	0	1338	0	25	0	0	1	0	0	1	0	0	0	418	3479	0	11	1785	3	1	0	7	246	74	0	1077	6	65	3	0	41	0	0	0	0	0	0	0	0	0	0	0	0	0	0	0	0	0	0	0	0	0	0	0	0	0	0	0	0	0	0	0	1	0	0	0	0
R5369_S21	15443	10250	8220	10631	12913	18848	450	7480	4	20	2	382	2335	155	16434	1	25339	12911	34967	22511	16065	6211	1250	8762	10895	145	43	21	13768	8778	1220	0	1241	13	504	438	7184	7	314	992	1864	11538	724	1825	0	11219	8106	2	0	332	1	0	4329	10720	2483	330	0	4144	0	58	0	0	0	10512	0	0	0	5	61	2452	102	168	0	880	44	5141	2336	31	1517	6054	3063	2301	6675	4148	3443	330	1779	70	31	7572	7472	0	22	1145	10	460	390	31	6279	7	0	79	47430	199	0	4	71	27971	13002	6253	4005	4452	2	24501	733	9	17262	16321	0	13727	9	2	1907	12973	4556	11354	3857	11980	0	3	234	0	5	0	2843	650	2	3	1	0	10831	138	0	4	2740	0	34	2632	3	1	4691	1814	29	2	0	0	0	0	0	0	1	0	3	0	0	0	6	2	4	1753	0	1	1	1	289	351	0	0	0	1072	0	8	1	0	0	0	5	6	0	1	0	351	3801	0	13	2235	0	2	0	7	73	124	0	929	9	108	5	0	104	0	0	0	0	0	0	0	0	0	0	0	0	0	0	0	0	0	0	0	0	0	0	0	0	0	0	0	0	0	0	0	0	0	0	0	0
R5370_S22	11468	8350	6407	9086	10929	17225	481	6420	0	14	0	344	2130	272	14178	1	20849	10521	28786	19538	13747	4949	1236	8752	9070	142	115	10	11290	8213	916	0	897	7	526	194	6786	14	299	776	1399	9247	478	1771	1	10360	7500	0	0	464	1	0	4230	8795	1853	193	0	3562	0	33	0	2	0	9442	0	0	2	2	29	1896	114	171	0	697	27	4031	1986	18	1159	4989	2773	1880	5378	3242	2937	381	1847	46	33	7088	6188	0	19	1030	4	578	563	29	6277	4	0	113	35893	187	0	4	84	22145	10386	3763	2447	2872	0	19390	642	0	14602	13207	0	10848	4	2	1688	10982	3725	9483	3269	10639	0	1	206	0	0	0	2007	672	3	1	0	0	9489	96	0	5	2091	0	101	3475	4	3	4228	1720	16	0	0	0	1	0	0	0	4	0	0	0	1	0	0	5	2	1454	0	0	2	0	163	170	1	0	0	1441	0	11	2	0	0	0	0	0	0	1	0	298	2884	0	33	1720	1	1	1	11	50	58	1	967	8	46	7	0	85	0	0	0	0	0	0	0	0	0	0	0	0	0	0	0	1	0	0	0	0	0	0	0	0	0	0	0	0	0	0	0	0	0	0	0	0
R5371_S23	15825	9419	7962	10918	12483	18825	414	7138	0	19	0	492	2120	154	16206	1	25403	13024	34092	21935	16564	6162	1156	9495	10751	164	79	33	13756	8495	1453	0	1452	31	493	377	7200	11	241	1070	1738	12292	742	1920	0	11910	8219	3	0	324	0	0	4018	10843	2681	361	0	4047	0	75	0	1	0	11007	0	0	0	1	52	2500	108	181	0	814	70	4743	2311	48	1654	5676	3097	2426	6688	3861	3359	250	1802	57	30	8094	7494	1	9	1111	0	497	736	16	6403	1	0	72	47100	271	1	1	81	28268	12737	9163	5660	4651	0	24965	881	1	16429	17145	0	13798	0	1	1857	13070	4443	11348	3953	11775	0	3	260	0	3	0	2910	622	1	1	0	0	10835	146	0	1	2957	0	64	2525	2	12	4492	2069	36	0	0	0	0	0	0	0	3	0	2	0	0	0	0	6	7	1944	0	0	0	1	350	259	1	0	0	975	0	35	3	0	0	0	1	2	0	2	0	327	3323	0	19	1975	1	1	0	5	228	73	1	913	2	38	20	0	91	0	0	0	0	0	0	0	0	0	0	0	0	0	0	0	0	0	0	0	0	0	0	0	0	0	0	0	0	0	0	0	0	0	0	0	0
R5372_S24	12763	10507	6831	9353	11900	14560	259	7393	0	12	0	354	2676	191	16048	0	25104	12114	35019	22612	13405	5590	1362	9207	10518	163	40	12	13855	9411	1235	3	488	8	375	640	7370	16	182	953	1521	9522	947	1663	0	9421	7271	0	0	272	1	0	5037	10656	1739	118	0	4278	1	93	0	0	0	10594	0	0	0	0	17	2535	112	227	0	590	44	4910	2397	30	1235	5990	2955	2451	6436	3683	4128	383	2290	40	19	6263	7271	0	0	1401	1	513	272	10	6524	1	0	54	44587	81	0	9	44	18311	11412	2222	1378	3321	0	23524	510	0	16484	15877	1	13209	2	2	1696	12511	4521	10873	3566	11257	0	1	285	0	0	0	2748	878	4	1	0	0	9929	77	0	4	1765	0	86	2497	1	2	5345	1903	19	1	0	0	0	0	0	0	2	0	0	9	0	0	0	1	2	1709	0	0	0	0	93	532	0	0	0	1467	0	12	2	0	0	0	0	0	0	0	0	390	3826	0	21	2240	0	0	0	5	128	110	0	989	1	50	7	0	24	0	0	0	0	0	0	0	0	0	0	0	0	0	0	0	0	0	0	0	0	0	0	0	0	0	0	0	0	0	0	0	0	0	0	0	0
R5373_S25	9200	3247	5588	6093	6504	11465	201	3362	1	22	1	213	398	39	8038	0	11746	6807	17540	10587	10533	2685	280	7116	5909	122	11	30	7152	4632	735	0	1746	14	273	96	4245	5	444	765	715	8359	393	1518	0	9526	3657	1	3	98	0	0	1271	6098	2529	365	0	2115	0	35	0	25	0	6203	0	0	0	9	45	1442	33	85	0	958	46	1816	1142	20	1093	1944	1496	1043	3218	1976	1465	95	828	52	4	5475	3752	0	1	403	0	185	395	8	4078	4	0	28	23573	356	5	0	118	31378	8496	11307	7263	3536	0	11687	604	1	8646	8489	0	7004	3	2	759	6543	2408	5660	2545	6412	0	2	77	0	2	0	1390	314	12	6	0	0	7303	42	1	2	2122	0	29	1055	1	9	1653	1032	4	2	0	0	0	0	0	0	5	0	2	0	0	0	0	1	4	751	0	0	0	0	293	19	0	0	0	267	0	14	0	0	0	0	0	2	0	0	0	173	1598	0	2	476	0	2	1	13	17	46	1	722	5	24	16	0	192	0	0	0	0	0	0	0	0	0	0	0	0	0	0	0	0	0	0	0	0	0	0	0	0	0	0	0	0	0	0	0	0	0	0	0	0
R5374_S26	10044	5513	6346	7994	8038	12613	353	4383	0	17	0	290	1037	93	9809	0	15466	7996	21693	14603	11312	4018	709	7449	7404	101	26	11	8875	5989	1152	0	936	15	358	110	5067	24	284	727	935	8663	392	1197	0	9385	4860	1	0	208	0	0	2303	6870	2148	327	0	2571	0	32	0	1	0	7402	0	0	1	3	43	1557	74	118	0	652	34	2631	1718	40	1128	3368	1776	1409	3751	2337	2028	164	1307	78	7	5799	4694	0	9	671	0	388	392	19	4479	1	0	52	28328	244	0	1	91	27071	9370	6727	4777	4070	0	15334	626	0	10372	10238	0	8712	4	9	1061	8117	2984	6926	2761	7659	0	2	141	0	4	0	1759	496	0	2	1	0	7724	76	0	0	2259	0	35	1761	4	4	2434	1160	21	1	0	0	0	0	0	0	5	0	0	0	1	0	1	0	7	1039	1	0	0	0	245	73	0	0	0	609	0	10	1	0	0	0	0	1	0	0	0	238	2167	0	9	1036	0	2	0	7	113	73	0	932	9	19	6	0	94	0	0	0	0	0	1	0	0	0	1	0	0	0	0	0	0	0	0	0	0	0	0	0	0	0	0	0	0	0	0	0	0	0	0	0	0
R5375_S27	10780	4381	6756	7443	7981	14780	455	4432	0	35	2	287	865	217	10923	0	15001	8264	21571	14088	12794	3599	493	8913	7584	154	33	46	8555	6265	1127	0	1625	9	308	128	5000	15	321	820	953	10037	369	1211	0	10631	4980	0	2	160	0	0	1802	7079	3534	292	0	2560	0	68	2	6	0	7691	0	0	2	4	55	1842	84	95	0	698	78	2392	1353	18	1325	2845	2132	1412	3793	2714	2143	140	1199	53	3	6829	4983	0	0	592	0	246	453	18	4218	14	0	40	28526	299	0	6	139	33896	10219	11389	7397	5727	0	14917	792	0	10828	10175	0	9086	3	0	934	8327	3013	7442	2803	7694	0	3	137	0	0	0	1761	432	1	4	1	0	8167	54	0	2	2468	0	85	1526	12	7	2124	1492	6	1	0	0	0	0	0	0	3	1	1	0	0	0	0	8	5	1034	0	0	0	0	339	67	1	0	0	495	0	17	6	0	0	0	2	2	0	4	0	200	1724	0	7	726	0	0	0	21	39	90	0	875	10	23	39	0	172	0	0	0	0	0	0	0	0	0	0	0	0	0	0	0	0	0	0	0	0	0	0	0	0	0	0	0	0	0	0	0	0	0	0	0	0
R5376_S28	8166	6400	4021	5886	7643	11849	188	4561	0	6	0	232	1517	136	9762	0	14648	7331	20923	13313	9871	3358	836	5585	6245	46	47	7	7869	5930	523	0	502	3	391	156	4717	6	148	580	1037	6165	417	984	1	6240	5125	2	0	199	0	0	3078	5865	1109	154	0	2395	0	26	0	1	0	5860	0	0	1	0	17	1167	50	94	0	573	15	3310	1263	6	744	3787	1754	1419	3664	2035	2508	262	1281	39	34	5287	4132	0	9	790	0	266	275	9	4009	3	0	83	26007	87	0	1	82	12896	6681	2259	1424	1613	0	13611	451	0	10123	8926	0	7651	0	0	1191	7611	2574	6475	2243	7609	0	6	136	0	1	0	1535	483	0	0	1	4	6460	52	0	7	1274	0	49	1933	2	4	3133	1126	30	0	0	0	0	0	0	0	1	0	0	1	0	0	1	0	4	1041	0	0	2	0	113	191	0	0	0	1015	0	4	0	0	0	2	0	1	0	1	0	176	2222	0	11	1098	0	2	0	6	18	46	0	579	3	35	6	0	37	0	0	0	0	0	0	0	0	0	0	0	0	0	0	0	0	0	0	0	0	0	1	0	0	0	0	0	0	0	0	0	0	0	0	0	0
R5377_S29	12680	8927	6001	7136	10870	14417	166	6378	0	6	0	382	2154	148	14332	0	22831	10700	31168	20137	13201	5178	1291	7431	9235	131	61	6	11836	8133	816	3	562	3	528	359	6388	4	77	928	1369	9506	725	1079	0	7875	7324	0	0	324	0	0	4657	9073	1728	87	0	3179	0	26	0	0	0	9666	0	0	1	1	7	2304	100	196	0	754	23	5119	1646	5	1176	5157	2414	1914	5884	3507	3270	253	1860	31	28	6095	6265	0	13	1248	0	451	218	1	5189	13	0	104	39929	51	0	7	75	16979	10000	1255	780	4384	0	21406	473	1	14747	13913	0	10676	2	0	1625	11140	4052	9796	3068	11166	0	0	213	1	0	0	2365	551	0	0	0	0	8826	88	0	2	1779	0	94	2581	0	0	4698	1553	3	1	0	0	1	0	0	0	1	0	0	8	0	0	0	1	0	1645	0	0	0	0	58	380	1	0	0	1263	0	13	0	0	1	0	1	0	0	0	0	337	3513	0	12	1858	3	1	1	7	57	201	0	900	8	29	4	1	21	0	0	0	0	0	0	0	0	0	0	0	0	0	0	0	0	0	0	0	0	0	0	0	0	0	0	0	0	0	0	1	0	0	0	0	0
R5378_S30	10319	4701	6748	7463	6951	11951	536	4138	0	18	3	264	898	55	9680	0	15790	7825	20117	13645	11170	3676	429	7563	7529	194	34	36	9117	5196	1222	0	1373	7	308	222	4925	10	389	748	810	8685	314	1342	0	9156	4180	0	0	170	0	0	1941	6586	2525	598	0	2991	0	93	0	3	0	7742	0	0	4	4	72	1507	158	116	2	751	93	2321	1781	37	1426	2769	1436	1202	3889	2220	1575	209	1048	144	4	5416	4614	0	6	561	0	367	619	53	4510	9	0	53	28391	315	0	0	88	32918	10738	8480	6483	3361	0	15823	656	0	10122	11073	0	9313	6	1	911	8775	3172	7439	2950	7628	1	1	152	0	4	0	1865	436	3	4	0	0	7892	105	0	8	2816	0	43	1633	4	7	1986	1255	16	3	0	1	0	0	0	2	9	2	0	3	1	0	0	0	5	1213	0	0	0	4	333	25	3	0	0	404	0	13	4	1	0	0	0	2	0	3	0	226	1905	1	25	787	0	4	0	10	92	101	0	789	11	33	12	0	165	1	0	0	0	0	0	0	0	2	0	0	0	0	0	0	0	0	0	0	0	0	0	0	0	0	0	0	0	0	0	0	0	0	0	0	0
R5379_S31	12278	10589	6197	8875	12450	14704	348	7356	0	4	1	416	2559	137	15625	0	23958	12210	32723	21519	12489	5769	1635	6890	9637	73	47	5	12538	8703	875	1	494	7	409	486	5860	9	133	860	1744	9071	825	1469	0	8734	7560	1	0	277	0	0	5170	10133	1262	66	0	3916	0	27	0	0	0	9481	0	0	0	0	28	2184	78	237	0	675	24	5306	2128	28	1031	6099	2966	2588	6334	3653	3977	266	2083	60	34	5983	6761	0	14	1301	0	542	184	6	5581	1	0	55	44537	98	0	12	46	13419	10401	1226	795	1972	0	23269	532	10	16289	15548	0	12385	0	0	1730	11984	4058	10990	3252	11026	0	12	332	0	1	0	2602	605	0	0	1	0	9233	111	0	7	1694	0	69	2496	2	4	5354	1812	22	0	0	1	0	0	0	0	1	0	0	1	3	0	0	1	0	1667	0	0	0	1	52	464	0	0	0	1220	0	7	1	0	0	0	0	0	0	3	0	310	3367	0	7	2282	1	0	0	4	108	61	1	662	2	42	0	0	27	0	0	0	0	1	0	0	0	0	0	0	0	0	0	0	0	0	0	0	0	0	1	0	0	0	0	0	0	0	0	0	0	0	0	0	0
R5380_S32	10575	8359	5321	8422	10894	14252	281	6151	0	5	0	341	2128	300	12558	0	19667	9721	28380	18249	12349	5251	1287	7190	8605	69	17	8	11184	8195	826	1	626	6	434	319	6082	4	176	864	1407	8092	645	1453	0	8213	7103	0	2	245	0	0	4133	8228	1364	86	0	3134	0	39	0	3	0	8490	0	0	0	1	13	1904	69	183	0	613	24	4142	1773	10	965	5031	2412	2011	5322	3046	3162	303	1674	34	27	6260	5738	0	18	1079	0	410	160	3	4952	8	0	49	36297	156	0	3	64	14915	9034	2791	1872	1866	0	18825	492	0	13754	12702	0	10507	1	0	1396	9577	3653	9584	2901	9244	0	3	233	0	0	0	2278	534	2	2	2	0	8555	71	0	4	1690	0	53	2153	0	1	4506	1634	4	0	0	0	1	0	0	0	5	0	0	0	0	0	0	2	0	1363	0	1	2	0	116	288	0	0	0	993	0	5	1	0	2	0	0	0	0	1	0	198	3055	0	6	1589	0	1	0	6	35	49	0	744	1	52	12	0	31	0	0	0	0	0	0	0	0	0	0	0	0	0	0	0	0	0	0	0	0	0	0	0	0	0	0	0	0	0	0	0	0	0	0	0	0
R5381_S33	13599	9888	7076	9896	12677	17937	306	7239	0	9	0	327	2308	213	16019	0	24709	11549	34961	21383	15307	5435	1352	8807	10261	141	69	21	12984	9138	1042	0	894	4	581	309	7668	8	215	925	1725	10475	704	1219	0	10226	8392	0	0	242	0	0	4240	10454	2002	240	0	3706	0	53	0	1	0	9714	0	1	0	1	38	2195	67	176	0	786	23	5272	2097	26	1404	5951	3049	2215	6390	3734	3783	352	2133	66	26	7772	6518	0	26	1276	0	480	311	6	6392	7	0	121	44026	148	0	0	68	21985	11443	4281	2683	3440	0	22745	707	3	16506	14682	0	12647	3	2	1785	12937	4251	10993	3630	11655	0	3	187	0	0	0	2509	677	5	1	0	4	10309	109	0	7	2109	0	53	2417	4	5	4978	1842	46	1	0	2	0	0	0	0	2	0	0	1	0	0	0	3	7	1680	0	2	0	0	163	375	0	0	0	1308	0	4	0	0	0	0	0	2	0	4	0	241	3378	0	5	2043	1	2	0	6	108	91	1	831	6	41	7	1	58	0	0	0	0	0	0	0	0	0	1	0	0	0	0	0	0	0	0	0	0	0	0	0	0	0	0	0	0	0	0	0	0	0	0	0	0
R5382_S34	11680	6873	6867	8742	10109	14205	365	5478	0	10	1	350	1568	64	12481	0	19894	10224	26647	17509	11798	4566	1028	7427	8606	144	24	25	11102	7151	1303	0	1090	16	287	317	5711	19	356	865	1227	10035	519	1351	1	9790	5551	0	0	303	0	0	3359	8520	2137	308	0	3352	0	70	0	0	0	9007	0	0	0	2	62	2097	66	202	1	846	86	3608	1816	29	1344	4147	1948	1763	5027	3126	2726	225	1614	92	11	5396	5977	2	2	980	0	454	719	37	5537	13	0	50	35979	186	0	4	43	26508	10854	5881	4432	3370	0	19513	724	5	13491	13052	0	10945	3	2	1344	9818	3759	9016	3132	9418	0	2	167	0	4	0	2284	628	4	3	2	0	8897	118	0	5	2406	0	51	2267	3	9	3408	1605	43	0	0	2	0	0	0	0	2	0	0	0	0	0	0	3	6	1349	0	0	0	0	261	221	1	0	0	668	0	9	1	2	0	1	0	1	0	1	0	302	2559	0	12	1285	0	4	0	8	127	112	0	979	5	44	6	0	95	0	0	0	0	0	1	0	0	0	0	0	0	0	0	0	0	0	0	0	0	0	0	0	0	0	0	0	0	0	0	0	0	0	0	0	0
R5383_S35	13632	5672	8757	9454	8727	16588	404	5177	0	34	1	292	868	85	12107	0	19724	10460	27665	16982	15321	4152	512	9935	9242	271	27	17	11524	7218	1326	0	2076	12	336	316	6176	12	448	1002	1160	11807	457	1798	1	12601	5823	0	0	138	0	0	2165	8857	3049	604	0	3330	0	121	0	4	0	9143	0	1	0	2	41	1915	76	144	0	1373	154	2828	2101	30	1785	3255	2129	1479	5227	2783	2034	165	1235	207	7	7206	5820	1	5	683	0	326	384	21	6144	3	0	61	36975	292	0	2	101	42821	12866	13593	9363	3768	0	19714	823	3	13663	13228	0	11664	3	6	1175	11076	3903	9213	3473	9813	0	1	162	0	2	0	2189	578	3	2	1	3	11086	137	0	3	3496	0	40	1624	12	8	2718	1622	11	2	0	1	0	1	0	0	9	0	0	0	0	4	0	2	12	1516	0	2	1	0	454	101	3	0	0	494	0	8	4	0	1	0	1	0	1	1	0	294	2762	0	13	803	0	3	4	15	52	171	0	1134	12	19	16	1	178	0	0	0	0	0	0	0	0	1	0	0	0	0	0	0	0	0	0	0	0	0	0	0	0	0	1	0	0	0	0	0	1	0	0	0	0
R5384_S36	14812	6711	8758	9732	10465	17527	417	6601	1	21	2	535	1257	249	13628	0	22295	11346	30031	19084	16865	5380	706	10297	10471	226	39	80	12572	8348	1661	1	1815	7	484	345	6716	23	478	1085	1372	13016	440	1836	0	13780	6528	1	0	214	0	0	2615	9642	3202	617	0	3627	0	67	0	2	0	10410	0	1	0	5	47	2362	75	156	0	937	97	3405	2246	57	1693	4520	2530	1732	5908	3685	2778	212	1544	152	21	8866	6998	0	11	859	2	412	1345	19	6053	7	0	42	40617	437	0	6	77	41763	14114	13985	8615	5611	0	21408	904	3	14668	15118	1	12606	1	2	1350	11788	4231	10164	3767	11026	0	3	150	0	1	0	2373	539	4	3	3	0	10629	214	0	4	3528	0	59	1929	5	12	3224	1951	37	0	0	1	0	0	0	0	17	0	0	0	2	0	0	1	6	1460	0	1	0	2	453	115	0	0	0	619	0	35	0	0	0	0	1	4	0	2	0	269	2928	0	16	1074	0	1	0	20	99	133	0	1070	32	51	12	0	148	0	0	0	0	0	0	0	0	0	0	0	0	0	0	0	0	0	0	0	0	0	0	0	0	0	0	0	0	0	0	0	0	0	0	0	0
R5385_S37	15029	10164	8589	11957	13761	21130	508	7993	3	23	0	374	2241	243	16764	0	25280	13383	35850	23537	16419	6268	1268	10378	11421	158	77	41	14657	9800	1413	0	1531	16	596	327	8202	32	343	1065	1831	11495	639	2148	1	12936	8314	0	0	481	0	0	4706	11161	2484	320	0	4224	0	36	0	1	0	11210	1	0	3	0	57	2383	86	222	0	896	30	5198	2250	24	1598	5845	3096	2545	6681	3789	3969	335	2297	93	28	9063	7905	0	9	1171	0	458	496	23	8021	2	0	133	45136	294	0	9	120	29304	13059	7590	4925	3712	0	24198	819	2	17901	15936	0	13633	5	0	1996	13231	4510	10430	3955	12423	0	4	227	0	2	0	2704	915	1	1	0	7	11673	128	0	2	2742	0	50	3429	1	13	4848	1810	6	0	0	0	0	0	0	0	3	0	0	1	0	0	0	2	1	1679	0	2	0	1	242	194	1	0	0	1434	0	26	4	0	0	0	0	1	0	0	0	402	3383	0	6	2119	0	0	1	17	67	77	0	1082	7	78	6	0	62	1	0	0	0	0	0	0	0	0	0	0	0	0	0	0	0	0	0	0	1	0	0	0	0	0	0	0	0	0	0	0	0	0	0	0	0
R5386_S38	11600	8652	6376	9181	10830	17623	446	6466	0	20	0	351	1971	219	15136	0	21498	10701	31636	19914	14328	5254	1203	8543	9761	132	59	10	12105	9016	1051	0	767	6	553	263	7060	22	260	937	1446	9370	547	1467	1	9828	7528	0	1	301	1	0	4119	8779	2030	232	0	3527	0	103	0	4	0	9442	0	0	2	1	28	2122	107	163	0	642	31	4229	1711	32	1163	5266	2579	2034	5708	3174	3469	392	2017	62	57	8405	6367	0	23	1043	5	473	272	41	6451	2	0	139	37823	155	0	7	87	22715	11277	4060	2782	3590	0	20224	575	0	14524	12763	0	11222	2	2	1570	10889	3897	9143	3647	10768	0	3	186	0	3	0	2201	699	2	1	0	2	9450	113	0	8	2214	0	40	2566	1	6	4195	1608	5	2	0	0	0	0	0	0	2	1	0	0	0	0	0	1	0	1472	0	0	0	1	183	236	0	0	0	1543	0	5	0	0	0	0	0	2	0	1	0	316	3363	0	39	1319	0	0	0	22	65	74	0	942	0	67	5	0	57	0	0	0	0	0	0	0	1	0	0	0	0	0	0	0	0	0	0	0	0	0	1	0	0	0	0	0	0	0	0	0	0	0	0	0	0
R5387_S39	15014	11273	7761	10952	13336	20223	380	8108	1	9	0	444	2733	240	17373	0	27701	13654	38580	24226	16747	6617	1412	9974	11555	174	72	10	15132	10531	1125	1	919	5	598	332	8524	24	230	1169	1946	11071	763	1899	0	11434	9085	0	0	395	0	0	5297	11436	2341	197	0	4495	0	56	0	1	0	11030	0	0	1	2	48	2671	133	203	0	654	37	5749	2351	27	1464	6793	3128	2675	7066	4008	4026	332	2337	67	48	8292	7920	0	28	1378	3	742	280	11	7206	4	0	110	49161	178	0	31	85	24001	12933	3752	2478	3801	0	26582	666	1	18021	16842	0	14494	2	21	2018	13575	4829	11777	4130	13267	0	2	265	0	2	0	2907	910	0	0	1	0	11454	84	0	3	2442	0	78	3432	3	3	5566	2070	32	1	0	1	0	0	0	0	5	0	0	0	0	0	0	4	4	1952	0	3	0	0	148	275	0	0	0	1448	0	16	0	1	0	0	1	2	0	0	0	446	4067	0	36	2220	19	1	2	15	196	106	0	1088	1	87	5	0	60	0	0	0	0	0	0	0	0	0	0	0	0	0	0	0	0	0	0	0	0	0	0	0	0	0	0	0	0	0	0	0	0	0	0	0	0
R5388_S40  	14624	11707	7646	11609	14377	19794	369	8273	4	11	1	332	3087	187	18769	0	27593	13551	40981	26417	16854	6729	1800	10818	11755	134	51	3	15830	11314	993	0	578	4	648	400	8752	3	145	1105	1858	11413	869	1668	0	10823	9462	0	0	431	0	0	5787	11466	1902	80	0	4724	0	22	0	0	0	11611	0	0	1	0	19	3106	93	191	1	634	6	6474	2439	7	1329	6967	3415	2754	7533	4320	4480	482	2536	42	67	8594	8114	0	18	1650	10	673	309	2	7166	14	0	116	50435	70	0	27	60	20070	12490	1480	934	4303	0	25942	626	0	18763	16900	0	14274	2	1	2086	13947	5009	12402	3900	13184	0	3	235	0	4	0	3102	948	0	2	1	1	11217	107	1	1	2106	0	61	3184	1	20	6094	2021	10	0	0	0	0	0	0	0	4	0	1	1	1	0	0	1	0	1948	1	1	0	0	68	424	2	0	0	1750	0	19	3	0	0	0	0	2	0	1	0	491	4362	0	8	2517	11	0	0	7	93	135	1	977	1	43	4	0	34	0	0	0	0	0	0	0	0	1	0	0	0	0	0	0	0	0	0	0	0	0	0	0	0	0	0	0	0	0	0	0	0	0	0	0	0
R5389_S41	11746	7700	6681	9362	10446	15621	375	5959	0	15	1	304	1674	130	12437	0	19488	9996	27440	17817	13849	5382	948	8656	8965	141	58	34	11009	7581	1071	0	1265	9	387	206	6184	15	289	840	1209	9690	521	1671	0	10322	6310	2	7	248	0	0	3374	8522	2134	367	0	3607	1	53	0	1	0	9136	0	0	3	1	32	2015	109	150	0	767	52	3663	2074	24	1271	4307	2392	1898	5329	3044	2701	250	1486	52	24	6322	5904	1	4	894	0	474	498	13	5481	6	0	71	36257	278	1	4	86	26323	10825	6571	4770	3117	0	18680	636	1	13353	13069	0	10894	10	2	1271	9911	3657	9032	3097	8945	0	3	204	0	2	0	2243	548	8	2	1	0	9247	108	0	2	2304	0	41	2375	3	7	3570	1577	14	1	0	0	1	0	0	2	4	0	1	0	0	0	1	6	6	1423	0	0	1	3	252	102	1	0	0	822	0	12	5	0	0	0	1	3	0	0	0	263	2619	0	12	1337	0	3	0	9	50	71	3	837	5	46	6	0	83	0	0	0	0	0	0	0	0	0	0	0	0	0	0	0	0	0	0	0	0	0	0	0	0	0	0	0	0	0	0	0	0	0	0	0	0
