Sample	2.Methylcitric.acid..C.	4.Hydroxyproline	Adenine	ADP	cis.Aconitic.acid	Citrulline	Creatinine	Cytidine	D.2.Hydroxyglutaric.acid	Deoxycytidine	Deoxyuridine	D.Lactic.acid	D.Maltose	D.Ribose.5.phosphate	Fumaric.acid	Gluconic.acid	Glycerol	Glycine	Guanine	Inosine	L.Arginine	L.Glutamic.acid	L.Glutamine	L.Leucine	L.Lysine	L.Methionine	L.Proline	L.Threonine	L.Valine	Mannitol	Myristic.acid	N.Acetyl.D.glucosamine	Orotic.acid	p.Aminobenzoic.acid	Phenylpyruvic.acid	Phthalic.acid	Taurine	Uric.acid	Uridine	Acetylglycine	Methylsuccinic.acid	N.Acetyl.L.tyrosine	Turanose	Alpha.Linolenic.acid	Isoeugenol	Allocholic.acid	N6.Acetyl.L.lysine	Glyceraldehyde	Oxidized.glutathione	Vanillic.acid	3.Hydroxybutyric.acid	Erucic.acid	Glycolic.acid	2.6.Dihydroxybenzoic.acid	N.Acetyl.L.phenylalanine	Phytanic.acid	Dihydroxyacetone	Hippuric.acid	L.Sorbose	Hydrocinnamic.acid	2.Hydroxy.2.methylbutyric.acid	Urocanic.acid	Propionic.acid	Lactulose	Sarcosine	Suberic.acid	Corticosterone	Taurodeoxycholic.acid	X.R..2.Benzylsuccinate	Hypoxanthine	Indoxyl.sulfate	Alpha.Tocopherol	Tetradecanedioic.acid	3.Methylphenylacetic.acid	Alpha.Hydroxyisobutyric.acid	7a.Hydroxy.3.oxo.5b.cholanoic.acid	2.2.Dimethylsuccinic.acid	Glutaric.acid	m.Coumaric.acid	3.Phenylbutyric.acid	3.5.Dihydroxybenzoic.acid	L.Acetylcarnitine	Isobutyrylglycine	Arachidic.acid	Ranitidine	Octadecanedioic.acid	3.Phenoxypropionic.acid	Caffeic.acid	Behenic.acid	3.Methylhistidine	4.Hydroxyphenylpyruvic.acid	Adenosine.triphosphate	Allantoin	Citric.acid	Cyclic.AMP	D.Glucuronic.acid	Dodecanoic.acid	Gamma.Aminobutyric.acid	Glycerol.3.phosphate	L.Asparagine	L.Aspartic.acid	L.Cystine	L.Homoserine	L.Isoleucine	L.Malic.acid	L.Serine	L.Tyrosine	N.Acetylglutamine	N.Alpha.acetyllysine	Ornithine	Orotidine	Oxalic.acid	Palmitic.acid	Phenylacetylglycine	Succinic.acid	Sucrose	Taurocholic.acid	Thymine	Uracil..B.	2.Ketobutyric.acid..C.	2.Ketobutyric.acid..MH.	4.Hydroxycinnamic.acid..C.	5.Aminolevulinic.acid	5.Hydroxylysine	Adenosine.monophosphate	Alpha.Lactose	Aminoadipic.acid	D.Glyceraldehyde.3.phosphate	D.Ribose..MH.	D.Ribulose.5.phosphate	Glycyl.glycine	Maleic.acid	PE.14.0.14.0.	Phosphoric.acid..B.	Pyruvic.acid..C.	Pyruvic.acid..MH.	Ribitol	Sorbitol	Capric.acid	Caproic.acid	Caprylic.acid	D.Glucose	Galactonolactone..B.	Galacturonic.acid	Heptadecanoic.acid	Isocitric.acid	L.Kynurenine	L.Phenylalanine	L.Tryptophan	Methylmalonic.acid	Pantothenic.acid	SM.d18.1.12.0.	Trehalose	Xanthine	Beta.Glycerophosphoric.acid	Cellobiose	L.Gulonolactone	myo.Inositol	N.Acetylgalactosamine	Homocitrulline	2.Hydroxyethanesulfonate	Pipecolic.acid	D.threo.Isocitric.acid	3.Hydroxyisovaleric.acid	D.Threitol	Galactitol	Galacturonic.acid.1	Carnosine	2.Hydroxy.3.methylbutyric.acid	3.Methyl.2.oxovaleric.acid	Ureidopropionic.acid	1.5.Anhydrosorbitol	N.Acetyl.L.methionine	2.Hydroxybutyric.acid	L.Allothreonine	Hydroxyoctanoic.acid	Methionine.sulfoxide	Glyceric.acid	Isomaltose	Pyrrolidonecarboxylic.acid	3.Methylglutaconic.acid	Cortexolone	Ursodeoxycholic.acid	Azelaic.acid	3..3.Hydroxyphenyl.propanoic.acid	Cholic.acid	Trigonelline	myo.Inositol.1	Tryptophanol	Nutriacholic.acid	Butyric.acid	N.Acetylglutamic.acid	Alpha.D.Glucose	o.Cresol	Ethylmalonic.acid	Homogentisic.acid	Deoxycholic.acid	Linoleic.acid	Tauroursodeoxycholic.acid	3.Oxocholic.acid	Stearic.acid	D.Alanine	2.Methylbutyrylglycine	12.Hydroxydodecanoic.acid	L.Carnitine	N.Acetyl.L.alanine	3.Aminoisobutanoic.acid	Phenol	Succinic.anhydride	Malonic.acid	Threonic.acid	Indolepyruvate	Oleic.acid	Pentadecanoic.acid	Hexadecanedioic.acid	Pelargonic.acid	4.Hydroxyhippuric.acid	p.Hydroxymandelic.acid	X.S..3.Hydroxyisobutyric.acid	2.Hydroxycinnamic.acid	L.Alloisoleucine
102	-1.807680225	-4.000434091	-1.100465207	-4.190683039	4.289289154	2.369795726	0.149223661	-0.652744799	2.960450544	-1.5950104	-0.174624998	5.659349548	-0.467276599	-3.112562714	3.070089445	0.919870222	0.987155742	-1.098386632	-1.384487489	0.125207991	0.978340225	0.666824403	3.191438193	3.022010172	2.405455251	1.838020222	1.427261879	1.374773362	2.690511028	-0.771461155	1.014142562	-1.828799302	2.499424591	-1.685876971	-3.435999017	2.000343526	3.103805129	3.145361459	1.770480158	1.22225478	1.354881572	0.089692582	-0.467276599	1.214406601	-2.696437324	0.993218451	-0.652762373	5.660320431	-0.524386923	-1.922242706	2.122303449	-1.073284264	-0.424090034	1.971830146	1.870231257	-0.606822743	5.661485397	1.611982439	3.929045716	-1.881730992	0.852047668	-1.935549091	-0.576584453	-0.467276599	1.593049144	-1.420502513	-1.463777535	-1.273833054	-2.752561574	2.406285621	4.44625949	-0.528103498	-1.274171056	-1.881730992	1.460076065	-0.868684138	-2.63505492	1.354881572	-4.409403583	-2.696437324	-0.311979515	-1.162411212	2.512128475	-0.606822743	-4.130093975	-0.738047635	-0.455838281	-2.898329656	-1.715410261	-0.334231957	2.026593268	-4.362142983	0.58708667	6.068043131	-2.711058733	0.512427902	-1.060080354	-1.940802673	-0.770841286	0.993126951	-0.922217162	-0.18100432	1.328508936	2.474679525	5.842152282	2.886863134	3.032692294	2.287386074	-3.590370764	1.210582002	0.135674218	1.10058861	3.72231016	1.545722202	3.281512044	-2.152557896	-0.261785283	0	-2.691115764	2.844532171	2.965824386	-4.409403583	-3.147725039	-2.524798901	-1.720338891	-0.467276599	-1.669874801	-1.866077427	0.338617833	-2.965083999	0.993126951	0.68908888	-3.373392542	3.147042344	0.591633809	5.842152282	-0.127568632	-0.702957415	-0.749642582	-0.544853906	-0.224543607	3.929045716	-1.189204662	0.644174624	-0.225486983	3.792295248	-2.002905863	2.866129171	2.549096771	3.270651481	2.652758182	-1.968671387	-0.467276599	1.948081395	-0.770841286	-0.467276599	-1.189204662	0.023312948	-1.828799302	-2.915688393	1.787202423	-2.119409969	5.962290104	0.852394934	-2.829071216	-0.702957415	0.498573807	-0.783459122	0.872221835	1.632821174	1.176137188	3.343560687	0.285732904	1.460076065	1.363668053	-1.209687062	-1.258160329	0.750992486	-0.467276599	3.311968815	1.771404989	-1.463777535	-1.089698053	0.017306188	-2.333007044	0.993218451	-1.685876971	0.063956039	-0.965027908	-0.868684138	-1.111618321	-1.108425603	3.947383025	0.980568846	1.354881572	-1.922242706	-1.089698053	3.070962634	-1.273833054	-0.128782018	2.593581176	1.665465617	1.32055046	-0.917137398	-3.140155944	-0.172470121	-0.87320168	1.873059997	-0.209512966	1.032433212	1.492924827	0.61145841	4.006221014	-0.670385588	-1.121351687	0.643734138	1.776066958	-2.491647935	1.460076065	-4.67134166	2.47355506
103	-1.483571802	-3.964898581	-4.858297257	-2.838968449	4.283356522	1.410090731	0.33520429	-1.717278768	0.524974328	-0.637397592	0.359511206	5.148693408	-2.70714929	-3.369233749	2.534074861	0.385104875	0.305532685	-1.032502578	-1.175713776	0.609667385	1.171607909	-0.11181016	3.106631828	2.968559051	2.560228908	1.967688237	2.12325209	1.428726627	2.871519314	-0.877073523	0.486182387	-1.693728042	1.837353483	-1.398367153	-2.566626497	2.164557008	3.615494039	2.369746234	0	1.530057741	1.078238773	0.525509303	-2.399754951	0.727762427	-2.813610306	-0.072707294	-0.127033687	5.145460397	-0.879023047	-1.354311819	1.231506672	-2.422972158	-0.681790886	1.784499321	1.459492875	-3.056114513	5.152792935	1.230126836	3.67005838	-2.389977539	0.525515074	-1.427899214	-1.223903642	-2.70714929	2.070477386	-1.611532331	-0.466775816	-1.649378637	-2.680017894	1.269847664	4.094504476	-0.758074504	-1.639941266	-2.389977539	0.385219989	-0.760201706	-2.230893001	1.078238773	-2.28541632	-2.813610306	-0.802358987	-0.921503954	0.681505727	-3.056114513	-4.691533369	-1.014267743	-3.34531855	-2.639786458	-2.355143395	1.225612935	2.239329242	-7.204736782	0.563955365	5.942348226	-2.926253611	0.635896698	-1.231433664	-3.330020308	-2.2837545	1.346878398	-1.06684722	0.759517264	1.387514624	2.5204712	5.385992326	0.983627714	2.85769018	2.592334071	-3.475151183	0.350153177	0.176014725	0.535800726	3.487705225	1.578442648	0.81824266	-2.347907788	-1.529992089	0.274859757	-2.076452469	2.553297269	1.213982154	-2.28541632	-3.499407692	-3.55191464	-2.078947078	-1.969859939	-2.143757958	-2.523382118	0.405432569	-2.877266885	1.346878398	0.71534248	-4.303843856	2.747951947	1.295316966	5.385992326	0.053077903	-0.873598871	-0.632155132	-1.13850899	-0.312437595	3.671871487	-1.41069417	-0.534292286	-0.445422765	2.862614499	-2.298973339	3.021476359	2.711538098	0.50909177	2.728996892	-3.628793969	-1.969859939	1.292663792	-1.92488189	-1.969859939	-1.434310408	1.123509529	-1.693728042	-1.167313983	2.428070698	-1.460780853	5.889530625	0.525515074	-2.321465353	-0.873598871	0.642967796	0.72245215	0.525515074	1.312680352	0.469969463	3.356532489	0.425121323	0.385219989	1.431167126	-1.384915678	-1.377508621	0.822217162	-2.70714929	3.479519675	1.522064642	-0.466775816	-0.678457089	-0.130616475	-2.268449291	-0.045132049	-1.398367153	1.123509529	-1.256242503	-0.760201706	-2.515742167	-0.916853807	3.67845257	-2.232438854	1.078238773	-1.354311819	-0.678457089	2.968495857	-1.649378637	-0.712412156	2.926167432	2.054167785	1.674609717	-2.73418531	-2.307242423	0.38631291	-1.16006312	1.329369432	-3.183404438	0.77435409	1.753444045	1.088109203	4.009860599	-0.889326813	-1.692772695	1.120477092	0.026762776	-2.225365705	0.385219989	-2.28541632	2.520461779
115	-1.91530438	-3.056230115	-4.935316752	-4.302247695	4.151355165	2.624659541	0.065701994	-1.966084116	2.297856555	-1.354441408	1.257075548	5.924687258	-2.152972562	-3.530392348	2.81205599	0.662489534	1.062746964	-0.976977833	-0.680999258	-0.208346988	1.26845736	0.469291893	3.265148886	3.150437377	2.729621278	2.462014308	1.910858347	1.430125245	3.042358154	-0.766335411	1.836124424	-2.757059388	2.745203566	-1.691677208	-2.943894251	2.511128859	3.351685666	2.562629814	0.473913327	0.88299631	1.312641532	0.613972581	-1.914536386	1.909034134	-2.565699893	1.426768915	-0.340067334	5.942700978	-1.752633227	-1.449056765	2.072093878	-0.680229375	-0.366604917	1.656513739	1.129773456	-0.048291936	5.921849619	1.551688095	3.880611257	-2.365445684	1.174381653	-1.61840983	-0.51592833	-1.752173852	1.779973336	-1.692200667	-2.254854507	-0.503348319	-2.325204086	0.243957675	4.85805979	-0.537152805	-0.897115855	-2.385962693	0.676182057	-1.418970185	-2.370457104	1.312641532	-4.502815197	-2.565699893	-0.518860522	-0.843550827	0.939366627	-0.048291936	-4.520758033	-0.291901884	-0.739874391	-2.807362747	-1.873971462	0.032307565	1.648307779	-7.129201744	0.746075026	6.019426591	-2.944929489	0.467040142	-0.690869676	-2.05657701	-1.437237848	1.24957245	-0.86390566	0.756269198	1.518396396	2.85775247	5.615292558	3.071708908	3.250023558	2.239124902	-3.571727184	1.496508098	-0.055244056	1.307700291	4.572201009	2.130284163	1.616377306	-2.406304873	-0.072435407	1.234115866	-2.220950291	2.780922216	2.332639899	-5.70666189	-3.056230115	-2.589817394	-2.76734652	-1.714018208	-1.768821201	-2.176599302	0.317069625	-3.530392348	1.24957245	0.927245406	-3.13475262	3.240249717	1.807670457	5.615292558	-0.100113681	-0.749219882	-0.326654129	-0.492384279	-0.040549419	3.875744413	-0.868210557	0.621851201	0.216564995	3.041621205	-2.051118856	3.14029853	2.792100449	1.485911023	2.764249125	-2.17232201	-1.714018208	1.160375162	-1.369016803	-1.714018208	-0.876775619	-0.069407303	-3.26338322	-2.933757959	2.146394774	-1.876267548	5.972642666	1.174381653	-3.56459491	-0.749219882	0.481915501	-0.650424116	1.174381653	1.656912721	1.212853725	3.607011079	0.530021059	0.676182057	1.480913299	-0.958456436	-0.894221259	0.950228329	-1.81958815	3.27611186	1.727306448	-2.412227155	0.898161538	-0.629283696	-2.39103247	1.426768915	-1.691677208	-0.069407303	-1.654427457	-0.308750285	-1.654208269	-1.310999143	3.887291343	-0.585117818	1.312641532	-1.449056765	0.898161538	3.782004788	-0.503348319	-0.059776755	3.376678765	1.854879519	0.825147293	-0.997506661	-3.06724433	-0.345227646	-1.015904207	2.717252198	-1.128434008	0.895980754	1.786993731	0.963954183	4.931940109	-0.253498715	-0.945814537	1.025569859	0	-2.308622073	0.676182057	-4.916257555	2.857738757
60	-1.447727531	-3.244694756	-1.639533854	-5.163359331	4.166481136	2.242447129	0	-0.736687093	2.194143613	-1.566018826	-0.061248127	5.68396089	-0.848706849	-3.30111898	2.705502142	0.744095889	0.620568939	-1.252161408	-1.10742344	0.016412467	0.695002303	-0.03376262	3.13317562	2.911005814	1.501277809	1.999352989	1.686033232	1.190685242	2.702550606	-0.95458979	0.292769899	-1.923024681	2.642224725	-1.404607667	-3.449840071	1.970219205	2.971392989	3.100483355	1.700288925	1.040399404	1.276132659	0.082559953	-0.848706849	0.251780702	-2.700779109	0.09421121	-0.647533137	5.685560964	0.103435451	-1.204806938	1.899766943	-1.889975796	-0.498413883	2.004234027	2.040638951	-1.472613064	5.685987394	1.499858285	3.8066031	-1.530395885	0.444328464	-2.190832374	0.058218929	-0.848706849	1.65569148	-1.617555939	-2.16770438	-0.828625593	-2.257754813	2.215209172	4.591817877	-0.618415328	-1.173020723	-1.530395885	0.842241934	-0.774097337	-2.404426573	1.276132659	-3.298320657	-2.700779109	-0.566793063	-1.486771606	3.132533069	-1.472613064	-5.75558884	-0.994761986	-0.265550305	-2.933289506	-2.76027604	-0.403359756	1.878898004	-6.718076625	0.003045362	5.651488116	-3.10844289	0.222036206	-1.48416581	-2.490277728	-0.354865458	0.782278505	-1.377975471	-1.275967084	1.128592515	2.403497414	5.470942806	2.619774905	2.734084872	2.592674035	-3.576968478	1.083519334	-0.011528788	0.161926156	2.916597812	1.352598099	3.498290726	-1.911667079	-0.413655994	-0.068404998	-2.338060792	2.678383595	2.216967797	-3.828222625	-2.984457377	-4.32174771	-2.558305127	-0.807734888	-2.050118974	-4.859443758	0.53064352	-3.051335836	0.782278505	0.578159144	-3.696744743	2.77452904	0.778743046	5.470942806	0.090219447	-0.918501033	-0.84116068	-0.543966032	-0.337539422	3.787971448	-1.190803885	0.541259564	-1.12519428	2.807792989	-2.410092681	2.795374002	2.366720159	3.480670406	2.64862662	-3.029070894	-0.848706849	2.175431667	-0.341756723	-0.807734888	-1.244401663	0.768865347	-1.923024681	-2.546151641	2.072999309	-2.169561918	5.598566911	0.462875745	-2.937677549	-0.937368743	0.289637295	-0.721296483	0.462875745	1.29897268	0.859256684	3.479540246	0.665137429	0.842241934	1.18709269	-1.349506261	-1.172506089	0.860120712	-0.848706849	3.299529091	1.684200422	-2.122156092	-0.707269368	-0.833623504	-2.471173132	0.09421121	-1.404607667	0.768865347	-1.179274628	-0.774097337	0.501053416	-0.555918529	3.812304878	-0.114230524	1.276132659	-1.204806938	-0.707269368	2.250090389	-0.828625593	0.178972455	2.056561911	1.717057596	1.746060027	-2.104289321	-4.12695152	-0.215579668	-1.193836046	1.617589463	-0.041176515	0.312068444	1.371447929	0.782215095	3.171926733	-1.44585986	-1.270918565	0.580517451	1.723846558	-2.318300114	0.842241934	-4.109190995	2.403473148
66	-1.173251572	-2.91626229	-1.069983162	-0.873331561	4.484409943	2.654657647	0.55737988	-0.749923594	3.199608243	-0.757436627	-0.23233927	6.133520987	-1.183477192	-3.114822901	3.281834124	1.37861563	0.745635361	-0.963579916	-0.739027047	0.485807683	1.299334227	0.330244356	3.296178438	3.111111993	2.056570842	2.350329687	2.030578511	1.534101747	2.96938565	-0.69056693	0.368085398	-1.869675653	3.005926283	-0.986655337	-2.851068268	2.491803679	3.573510845	3.362302941	1.273992261	1.274003012	1.361067541	1.451161514	-1.183477192	0.571785841	-2.319340751	1.245708483	-0.171594867	6.133955863	0.10518755	-0.508881643	1.857792575	-1.943074369	-0.507639305	2.138787497	2.042473649	-1.143241094	6.136036842	2.004168226	3.948512202	-2.382617836	1.03166132	-0.863034988	-0.569997414	-1.183477192	2.060957689	-1.226462548	-1.276845209	-2.270112293	-2.634672731	2.331474797	5.040412332	-0.448313851	-0.231235484	-2.456327323	0.863233563	-0.366746866	-2.528062996	1.361067541	-3.296759695	-2.319340751	-0.429214944	-0.738571122	1.021111496	-1.143241094	-3.907851015	-1.23876697	-0.787887853	-2.35460889	-2.835522014	-0.071336396	2.748115437	-0.754290255	0.952365141	6.092704619	-2.39378282	-0.261052409	-1.058004007	-2.198339769	-0.787549889	1.005986709	-0.9136615	0.537338574	1.459595439	2.644816105	6.086660274	2.897151445	3.370799499	3.119040791	-3.030452749	1.50122118	0.370019284	0.550584753	3.330820406	2.319139387	3.070384724	-2.371530381	-0.500921986	0.070914121	-1.998536917	2.850152111	3.228811315	-3.34232943	-2.91626229	-3.899381771	0.504842891	-1.183477192	-1.443260626	-1.666806602	-0.172487548	-3.036128032	1.005986709	1.046450531	-3.180632193	2.98023581	1.284835287	6.086660274	0.275226043	-0.672342018	-0.498824133	-0.473376937	0	3.947273754	-0.811199287	1.154476176	-0.661658743	2.891771227	-1.609634369	3.147279453	2.652286025	3.033291331	3.122901175	-2.703856948	-1.161941315	2.308561111	-0.787549889	-1.161941315	-0.827868277	-0.576246606	-1.869675653	-2.394578421	2.768569967	-1.643451237	6.052149455	1.03166132	-2.527367679	-0.672342018	-0.285323334	-1.309462547	1.03166132	1.521114979	1.395210555	3.276836332	1.119951269	0.863233563	1.530801307	-1.20085034	-0.88188718	1.189335797	-1.183477192	3.450470931	1.831084172	-1.245777588	-0.970171853	0.125450222	-1.785998268	1.245708483	-0.986655337	-0.576246606	-0.833562278	-0.366746866	-1.805159637	-0.519084393	3.956764347	-2.126242832	1.361067541	-0.508881643	-0.961634237	2.7962665	-2.1384895	-0.428664096	2.512772603	2.027832077	1.513724014	-1.998631445	-2.473050037	0.258120035	-1.292398678	3.217075006	-0.311608303	1.225380059	1.965535163	1.203872872	3.570856301	-0.99670521	-1.35302816	1.17735497	1.836736104	-2.013168615	0.863233563	-3.34232943	2.642733769
68	-1.73542499	-2.000347773	-1.83395725	-4.003158469	4.249043232	2.657247801	0.475988337	-0.957192519	2.127850045	-1.201063688	0.164963352	5.880473141	-1.1382075	-3.809711423	2.212959247	0.558627098	1.006287076	-0.902820052	-0.967744265	-3.73838086	1.113409467	-0.022054242	3.476563476	2.988805857	1.85094205	2.270290339	2.042162378	1.513264825	2.764162127	-0.964348571	1.068596752	-1.922937325	2.943071474	-1.411848388	-3.202125993	2.347542874	3.362229838	2.840724046	1.04118927	0.988188438	1.320120145	0.1265405	-1.1382075	1.495379054	-2.648446255	1.469744788	-0.307914842	5.880237599	-1.177822582	-1.414382302	2.180933196	-1.354146548	-0.434401812	2.289288799	1.347981573	-0.615375385	5.881958359	1.981496695	3.947681151	-1.913256552	1.030568729	-1.331297436	-0.53015424	-1.1382075	2.043068151	-1.291386001	-1.840839963	-0.613182736	-2.080034863	-4.972578585	4.971446389	-0.308208835	-1.030583842	-1.913256552	1.031082972	-2.336076986	-2.463343697	1.320120145	-1.893075668	-2.648446255	-0.556242323	-0.956282438	1.108645262	-0.615375385	-3.364502916	-0.48522405	-0.063579735	-2.933430367	-1.942365423	0	1.960222855	-8.713586441	0.50456824	5.801221057	-2.39941661	-0.23839229	-0.998068224	-2.328913138	-1.104371747	1.364052367	-1.37929154	-0.480233524	1.449568335	2.428048576	4.903113028	3.126680075	3.098114599	2.249881852	-3.128335378	1.501328743	0.246319816	0.473500895	3.882338713	2.105131494	1.675278983	-2.285198091	0.369125833	0.194722658	-2.029185021	2.824414822	2.23843716	-1.902035644	-1.879321291	-3.131839897	-0.895493092	-1.057022407	-0.016531855	-5.838001524	0.213719732	-3.682360437	1.364052367	0.8286483	-2.868209271	3.030025624	1.575075581	4.903113028	0.303917044	-0.851878041	-0.73015473	-0.472844546	-0.030717403	3.945274617	-0.984235486	0.5232544	-0.057420245	2.779160423	-1.919316125	3.129226692	2.556121194	1.525923934	2.851562033	-1.619366246	-1.057022407	-4.932006196	-1.023923405	-1.057022407	-1.034577184	1.061021671	-2.088434028	-2.207390978	1.712054413	-1.951476037	5.763597445	1.030568729	-2.564321056	-0.851878041	-0.204396681	-0.749964369	1.030568729	1.89918267	0.455021585	3.712138907	0.314392753	1.031082972	1.511481477	-1.195283701	-0.698397115	0.921220913	-1.1382075	3.310550612	1.821813613	-1.840839963	0.308529725	0.322346762	-2.192396811	1.469744788	-1.411848388	0.996227617	-0.758021219	-0.594879223	-1.916108253	-1.049746371	3.987681902	1.341159543	1.320120145	-1.414382302	0.308529725	3.385173383	-0.613182736	-0.144673326	2.965278128	2.017762524	0.917285621	-1.6566512	-2.643573059	-0.071189415	-0.866944239	2.373524937	-0.990276336	0.592504533	1.672844987	1.186797374	4.222344456	-0.34737224	-1.079566688	0.72747602	1.358675961	-2.417583049	1.031082972	-1.902035644	2.426060148
80	-0.905221779	-3.169029245	-0.539374874	-5.122167971	4.096104018	2.399154105	0.158542573	-0.943857061	2.197891215	-1.256893455	0.294985961	6.270626847	-1.708087963	-4.13992157	2.971442024	1.271438141	0.895632302	-0.972920573	-1.006787445	0.814916262	1.076865115	-0.922787094	3.160103502	3.007996249	1.72384351	2.102790024	2.008752469	1.484252218	2.869232574	-1.016399624	-0.056503707	-1.952795692	2.814554356	-1.391818434	-3.042523856	2.087540642	3.074217465	3.217550376	1.756040537	1.088531906	1.27996154	0.652610051	-1.708087963	0	-2.516700866	0.948813027	-0.498971079	6.270934943	0.876712286	-0.307618983	1.963440948	-1.677261357	-0.466793684	2.339913838	2.0335117	-1.042837412	6.272761912	2.112013887	3.907416814	-2.201321098	0.749960472	-1.558611046	-0.882548928	-1.848116608	1.810546057	-0.952070319	-1.846114523	-1.656752892	-2.545485366	2.927206647	4.867637956	-0.531045206	-1.323605912	-2.201321098	1.016276435	-0.591627025	-2.65920021	1.27996154	-1.184554099	-2.516700866	-0.503576637	-1.642383455	1.869068556	-1.042837412	-4.905419759	-0.819710313	-0.151649595	-2.366777895	-2.4322535	-0.563118096	2.416087497	-6.794414028	0.053731446	5.713624596	-2.377206166	0.716920838	-1.320645024	-4.004293449	-0.046133505	1.159849322	-1.940025625	-1.535876602	1.47027693	2.378165883	5.750884762	2.7095486	3.093519826	2.923641407	-3.613120653	1.24896354	-0.340478188	0.400487263	2.647009994	1.597960292	4.192670487	-2.028183041	-0.341080629	0.232372442	-3.536456093	2.797184487	2.218742907	-1.184554099	-2.875236085	-2.889328521	-1.723747717	-1.621673802	-2.114540225	-2.717566684	-0.066638165	-3.873503844	1.159849322	0.85171862	-3.174715445	2.249533664	1.341277753	5.750884762	0.135586237	-0.894478869	-0.574051332	-0.709143781	-0.112123523	3.929156529	-0.888437362	0.017183431	-1.003750297	2.130153964	-2.055787434	2.830986294	2.341019936	4.192670487	3.005561869	-1.953977135	-1.621673802	2.378646381	-0.046133505	-1.621673802	-0.888437362	0.467053581	-2.112540251	-2.211504068	1.711718596	-2.376685631	5.686954716	0.748963188	-2.89531291	-0.905118237	0.710591827	-0.630658454	0.786881956	1.399045743	0.676720023	3.218605952	0.773500595	1.016276435	1.50397645	-1.411010169	-0.720024937	0.786187991	-1.848116608	2.93598032	1.757342893	-1.77544408	-1.13785697	0.496059754	-2.18965688	0.948813027	-1.45119505	0.467053581	-0.603590802	-0.591627025	-1.917964358	0.026105166	3.930826265	-1.253649286	1.27996154	-0.307618983	-0.956864765	2.202542072	-1.656752892	-0.61403122	2.047858064	1.876359433	1.625415386	-2.484500817	-3.393399508	-0.090452631	-1.329055054	2.634389478	0.336571179	0.411552446	1.559147542	1.014480338	2.82686136	-1.44041814	-1.229377901	1.07945724	1.70387262	-1.960706098	1.016276435	-1.184554099	2.364365695
82	-0.884679951	-2.239504219	-1.482335943	-2.897001888	4.432959306	2.672842466	0.250175293	-1.341529782	3.000672527	-1.38657776	-0.126515082	5.886397531	0.730533734	-3.298607819	2.583612208	0.441984665	0.424544479	-0.907451349	-0.865137377	-4.447128533	0.988149599	0.025677014	3.159197514	3.236587949	2.016018807	2.23573772	2.16090192	1.523398514	2.965058856	-1.074481005	-0.098806491	-2.4943721	3.12490096	-1.135411088	-2.587903975	2.225883169	2.987935487	2.722965737	0.993982382	0.974065736	1.032868009	1.164050767	0.660891107	0.026978623	-2.496960522	-0.110857358	-0.326300848	5.887477998	-0.495982467	-2.017379349	2.14455872	-2.421096905	-0.418794436	2.293537334	2.145809205	-1.431259863	5.890157829	1.843091739	3.614471771	-1.617929138	0.930158454	-2.20550414	0	0.730533734	1.946134012	-0.984028269	-1.45926766	-0.549273522	-2.978038159	-1.585508124	4.841942161	-0.735240723	-1.388455116	-1.617929138	1.438221032	-0.779485529	-2.13588924	1.032868009	-1.424375154	-2.496960522	-0.742572129	-1.441750575	2.166746292	-1.431259863	-4.497039397	-0.893437416	-0.573404324	-2.130632287	-2.849347305	-0.688696826	2.941991444	-5.232841753	0.158594069	5.839201038	-3.279656131	-1.567014302	-1.287944372	-2.498704053	-1.12976522	1.305166242	-1.254876396	-0.133602859	1.595047299	2.692138531	5.411233595	2.835193862	3.372969072	2.218056617	-3.50827468	1.532955793	0.181352071	0.358353046	2.767750761	1.63105613	2.356758876	-0.95716819	0.216803553	-0.126157841	-2.276880803	2.550787107	3.015121404	-1.407911148	-2.200974731	-2.751765058	-0.507875123	0.730533734	-2.08928847	-2.355589022	0.627912731	-2.920280377	1.305166242	0.833628136	-3.833849842	2.842540704	1.307407813	5.411233595	-0.035543821	-1.026878448	-0.498547809	-0.344287709	0.055706557	3.601903918	-0.895465355	0.410337943	-1.130111739	2.929771658	-1.974039747	3.280680883	2.728422424	2.289877399	3.142800105	-2.290992867	0.730533734	-0.680241802	-1.12976522	0.730533734	-0.884569801	0.925179351	-2.4943721	-2.839005703	1.875220579	-2.310723572	5.775764812	0.930354399	-2.883278034	-1.0311269	-1.677774577	-1.32959899	0.947886938	1.681426348	1.159699739	3.14423364	0.643338069	1.438221032	1.562488652	-1.332021501	-0.514635473	0.889757395	0.730533734	3.21699816	1.492589086	-1.45926766	-0.814783083	0.653069308	-2.103807471	-0.110857358	-1.135411088	0.925179351	-0.838683889	-0.779485529	-0.065307266	-0.498749404	3.639043592	-0.53737812	1.032868009	-2.017379349	-0.814783083	2.163324674	-0.549273522	-0.437457472	2.164829396	1.917995897	1.437392871	-2.653081757	-3.205694213	-0.150566737	-0.877301401	3.127923703	-1.054952205	0.984202432	1.460192791	1.370219058	2.980827284	-1.475917889	-1.212334675	1.162076269	1.511197365	-1.811212332	1.438221032	-1.407911148	2.692229755
85	-1.623283773	-2.342555889	-1.506818693	-3.178620168	4.012017597	2.055508828	0.117456198	-1.293425197	1.955673587	-1.473331056	0.949660977	5.537503901	-1.842664166	-3.535573368	2.510183084	-0.250241672	0.310075762	-1.139644326	-0.97877782	-1.968880237	0.887364941	0.121388838	3.188843691	3.029380125	2.079474058	2.267117282	1.976353521	1.433912428	2.742420023	-1.362156733	-0.045951377	-3.350952829	2.865484731	-1.228948035	-3.335530586	2.083891036	3.058680937	2.473916201	1.01779959	0.769668218	0.902024004	0.114774888	-1.842664166	0.563482352	-2.686323345	1.507639828	-0.317261645	5.539881431	-1.541109372	-2.015157067	2.079034424	-2.302961595	-0.398485759	1.893402329	1.395935482	-1.425138224	5.532983605	1.703790837	3.491741355	-1.395842389	0.881537706	-1.907290282	0.307945726	-1.842664166	1.78872557	-2.129959885	-1.894734688	-0.02038054	-2.191590949	-2.250973566	4.716295022	-0.762472818	-0.751849415	-1.395842389	1.223163882	-0.512887408	-1.985880945	0.902024004	-0.619994077	-2.686323345	-0.937502449	-1.183734393	1.164246603	-1.425138224	-4.207343389	-0.714105721	-0.646833625	-2.777156096	-2.690915672	-0.014889041	1.705809493	-6.813754742	0.209846166	5.638335653	-3.027487191	0.060036669	-1.57946497	-2.430219001	-1.288151193	1.241095758	-1.112607108	0.154431761	1.37407552	2.452969274	5.323136374	2.60812774	2.92376611	1.953609729	-3.814013013	0.942065325	-0.050447528	0.385362515	2.62199194	1.225717628	1.19684978	-3.156596528	1.119226517	0.863892017	-2.208940888	2.420121837	1.992613077	-0.619994077	-2.13654829	-3.633033459	-1.228435657	-1.761284715	-2.048776818	-2.439265359	0.436294047	-3.296588098	1.241095758	0.557171904	-3.244928952	2.340218663	0.972380966	5.323136374	0	-1.374553413	-0.655119328	-0.669230647	-0.135768434	3.491389528	-1.308736264	-2.246999609	-1.057199074	2.721942215	-1.935276852	3.069274433	2.52544423	1.048889793	2.703650267	-2.311818014	-1.761284715	-0.337960093	-1.288151193	-1.761284715	-1.295357046	0.654729565	-3.109965415	-2.099025924	1.72565735	-2.317921545	5.593563953	0.883902518	-3.077627227	-1.384597271	0.101790296	-0.722863362	0.928643691	1.68178569	0.720309482	3.698773484	0.037120005	1.223163882	1.430416276	-1.435577374	-0.761384415	0.700208583	-1.842664166	3.261945363	1.422985209	-1.99432227	0.633082554	-0.588147247	-2.51175796	1.507639828	-1.228948035	0.654729565	-0.840770938	-0.512887408	-0.209486029	-1.431176065	3.51178362	0.910132	0.902024004	-2.015157067	0.633082554	2.469799107	-0.02038054	1.690946238	1.70850395	1.762547072	0.760981115	-2.61123404	-2.835597187	-0.323620028	-1.045412185	1.499463564	-1.867904692	0.912709148	1.239660685	0.949254786	3.194386795	-1.485517891	-1.340617985	1.053398703	1.250946493	-2.298836996	1.223163882	-0.619994077	2.430233353
116	-1.523340463	-3.523291462	-2.018893185	-3.511090562	4.230391851	2.761854699	-0.15286316	-1.310542596	2.227098098	-1.206266055	-0.045386506	6.008971442	-1.005824623	-3.423340642	3.160863822	0.881382691	0.523275421	-1.20580861	-1.331491562	-0.374126442	1.163309431	-0.663486683	3.285258356	2.780086919	2.722299787	1.726437623	1.78889717	1.312853712	2.489049683	-0.904833004	0.003220752	-1.431292415	2.072940416	-2.452219521	-2.90882539	2.104910203	3.112342326	3.250453781	1.226256793	1.300481343	0.996236329	0.124202776	-1.005824623	-0.045380136	-2.733887385	1.949383088	-0.284503791	6.008662764	0.146627129	-1.077997598	1.344996541	-2.157396667	-0.904810439	1.794965053	1.490777857	-1.438897792	6.011229371	1.015020755	3.597896912	-2.974551306	0.15270361	-0.879038247	-1.25589643	-1.005824623	1.920926072	-1.591151303	-3.325513331	3.149681986	-1.8419408	1.882825057	4.490205025	-0.730780529	-1.315497806	-2.974551306	0.036860979	-0.950304474	-2.660435458	0.996236329	-1.177709724	-2.733887385	-0.794328126	-1.353854682	0.992300896	-1.438897792	-4.15774552	-1.015792761	-0.721921169	-3.369199731	-2.740137259	0.807850349	2.481133403	-3.732376063	0.447414938	5.936816223	-3.032323347	0.267541379	-1.441840388	-2.983710578	-0.58842658	1.166276569	-1.899860717	-0.175300315	1.265979008	2.129502074	5.925475093	3.063101137	2.689731927	3.090335179	-3.41617882	1.599542068	-0.037819809	1.117848694	2.872057789	2.177797063	3.357801001	-1.777281088	4.748616907	-0.081607195	-2.153744775	2.516141834	2.223433966	-1.177709724	-3.469669542	-2.579047652	-0.90076454	-0.99329712	0.159356008	-2.044894604	0.093652675	-3.220660816	1.166276569	0.680512384	-3.448770949	2.782527987	1.381026176	5.925475093	-0.220551702	-0.873599438	-1.13829862	-0.952881805	-0.475375534	3.603070084	-1.080200182	0.316409283	-0.972728312	3.605777347	-2.19483233	2.82633506	2.390802428	3.351278093	2.893346256	-2.952508923	-0.99329712	1.695477839	-0.58842658	-1.005824623	-1.035072102	-0.062380079	-1.431292415	-1.528730104	2.054318879	-1.619688514	5.835772131	0.15270361	-2.957066071	-0.873599438	0.263501828	-1.254028278	0.15270361	1.118156139	0.46827199	3.938292311	0.62319759	0.036860979	1.318721288	-1.390362445	-1.115839064	0.749199573	-1.005824623	3.079329182	1.496649822	-2.689360266	0	-0.517766159	-2.665278716	1.949383088	-2.517691603	-0.062380079	-1.389409505	-0.950304474	-2.590549222	-0.809994066	3.619129754	0.394286541	0.996236329	-1.077997598	0	2.434974352	3.149681986	0.812876737	2.027769119	1.889144071	1.138781334	-1.971781687	-2.841139103	0.083393661	-1.407137866	2.560794064	-0.204632852	0.738165771	1.294909001	0.914660607	3.584683776	-1.262543252	-1.466739886	0.366997156	1.300409217	-2.642105313	0.036860979	-1.177709724	2.123266576
117	-1.736447258	-2.112235815	-0.726805205	-1.197953462	4.426190236	1.015777556	0.374408929	-1.845575378	1.830638101	-0.711101781	0.165169646	5.668720261	-2.679330314	-4.243172299	2.58490863	0.390759921	0.709709896	-0.516342895	-0.663938957	-0.42803249	1.661257752	-0.156872037	3.548973155	3.08385013	2.818973172	2.435864717	2.289641109	1.867956659	2.969057435	-0.788209974	0.421117734	-1.956880003	2.125646948	-2.07830721	-2.664444521	2.371941771	3.424628487	2.248366268	-0.029306273	1.200037032	1.247010987	0.879086058	-3.518930346	0.488267882	-2.352843162	0.977612083	-0.091570583	5.668720261	-1.47210579	-1.30668042	1.763905303	-1.850336164	-0.126461025	2.435720688	1.349824749	-1.59489939	5.668720261	1.699085057	3.830203052	-2.008350317	0.835996125	-0.861971165	-0.760364268	-2.639768415	2.075547956	-1.210754548	-0.263927747	-0.985054727	-2.336825123	0.350114598	4.8716232	-0.299503315	-1.31162495	-2.008350317	0.696520883	-0.352200608	-2.49762906	1.247010987	-0.885740809	-2.352843162	-1.587706709	-1.097693734	0.556295119	-1.996742408	-3.918646603	-0.675879763	-0.623139237	-2.32258096	-3.30700924	1.23130306	1.984346356	-1.04873903	0.97529273	5.937745395	-3.777828127	0.790894283	-0.982030404	-2.641420398	-2.399809676	1.829584884	-0.665442883	0.833429263	1.887449449	2.679267361	5.364543212	0.584609714	3.143533173	2.891949704	-3.250619582	0	0.135248581	0.618749154	3.362754569	1.608991677	0.734684778	-2.830033404	-0.220681253	0.185973117	-1.878050277	2.724951364	1.898010878	-0.885740809	-2.112235815	-3.988642434	-3.96704151	-2.639768415	-1.713742555	-3.244960143	0.272244294	-4.243172299	1.829584884	0.875122752	-3.756424219	2.8641721	1.447279532	5.364543212	0.000565364	-0.755336563	-0.404640725	-1.222887482	-0.09450581	3.842760716	-1.314603445	0.210688395	-0.459162909	2.687038286	-2.37155945	3.118103579	2.973337402	0.493872521	2.89580798	-1.930141542	-2.639768415	0.893208252	-2.399809676	-2.639768415	-1.314603445	0.502202004	-1.718877551	-1.318383116	2.553389852	-1.496799259	5.907713367	0.835996125	-2.477733784	-0.75183215	0.742062448	-1.27682575	0.835996125	1.533316134	0.96914295	3.59267798	0.691639944	0.696520883	1.854476051	-1.131816522	-1.015128891	0.932189221	-3.518930346	3.340307177	1.742972545	-0.263927747	-0.193022243	-0.018522535	-2.097476113	0.977612083	-2.204259408	0.522349854	-0.940130268	-0.352200608	-3.197432875	-0.837073994	3.851395438	-0.434106356	1.247010987	-1.30668042	-0.193022243	2.790221086	-0.830249202	0.582903223	2.83001793	2.182752289	1.097097842	-2.385243495	-2.633460976	0.160383958	-0.825799816	2.078354575	-2.114283232	0.903512634	1.181346372	1.12011802	3.753698489	-1.018516111	-1.45095254	1.407485501	-0.014346563	-2.313725696	0.696520883	-0.885740809	2.678002784
59	-1.28018464	-2.25300859	-0.940580432	-4.579027897	4.318827277	2.845762591	0.265876099	-1.586971925	2.538844949	-0.8566911	0.494486186	5.763535501	-0.919159503	-3.922875831	2.367394976	-0.367628202	0.528656464	-0.776597996	-0.558061041	-0.258608442	1.334245195	0.185876577	3.474246001	3.365243496	2.191380774	2.556902739	2.426163128	1.702255599	3.085834668	-1.155782065	0.383440298	-2.137646784	2.183311246	-0.979516582	-2.87678062	2.327449939	3.617486508	2.276295235	0.239309254	1.390740813	1.081530378	0.790129837	-0.919159503	0.612064213	-2.435094881	-0.905604115	-0.027840672	5.766367443	-1.584557239	-1.049142409	2.057000646	-1.763211345	-0.323700838	2.129437074	1.520534665	-0.693896948	5.763887172	1.514902031	3.683319179	-2.245171732	0.000818691	-0.546083725	-0.625384119	-0.919159503	2.048596703	-1.560725754	-1.831544697	-0.134174016	-1.867471117	0.058634618	4.402096705	-0.394140376	-1.407708523	-2.245171732	0.631537407	-0.70876824	-2.028248699	1.081530378	-1.880152766	-2.435094881	-0.788562448	-0.774316039	1.03990325	-0.693896948	-4.224915511	-0.680867948	0.150183459	-2.911683304	-2.003251747	1.240914306	2.09976386	-1.065149156	0.298803378	5.842442526	-3.024514848	0.319126427	-1.284921014	-2.445514182	-1.60709947	1.919128412	-1.309245755	-0.685948723	1.656560672	2.919488751	5.170237546	3.454336648	3.219415464	2.262352726	-3.351584115	1.691392626	0.226109278	0.535819342	3.365125749	1.129801412	1.264269944	-1.95255003	0.46594761	0.278579325	-1.926963426	2.570979334	2.592178748	-1.880152766	-2.25300859	-3.034023129	-0.884125967	-0.903761571	-1.607138014	-2.478498643	0.677373068	-3.922875831	1.919128412	0.77846692	-3.442986642	2.661557314	1.74531218	5.170237546	0.21618705	-1.084369651	-0.854491439	-0.412762458	-0.159534533	3.678394458	-0.912180878	-0.157284884	-0.570675626	2.496148615	-2.159973724	3.317308176	3.110299458	1.106376979	3.161701794	-3.90872145	-0.903761571	0.801557776	-1.60709947	-0.919159503	-0.97343392	0.931963654	-2.109322134	-1.155315842	2.72457925	-1.514719348	5.815767877	0.000818691	-2.340514742	-1.084369651	0.276287214	-1.365238376	0.000818691	1.717519144	0.415625388	3.919010251	0.620778274	0.631537407	1.710374803	-1.149518512	-0.627834844	0.887522472	-0.919159503	3.309319027	1.601931171	-1.831544697	-1.028876388	0	-2.457214941	-0.905604115	-0.979516582	0.931963654	-1.199234725	-0.70876824	-1.899791825	-0.66078416	3.709083749	-2.005287211	1.081530378	-1.049142409	-1.028876388	2.653207194	-0.134174016	-2.120272551	2.735820571	2.048596703	0.921122113	-2.353682393	-2.48914985	0.164223908	-1.121748804	0.786189826	-1.876512997	0.222410795	1.386505856	1.430743772	3.831779204	-1.091352463	-1.463849605	0.447540509	0.699545591	-2.134866142	0.631537407	-1.880152766	2.917912726
69	-1.408992229	-3.519015275	-0.690611634	-1.437150202	4.160971016	2.905001064	0.063359218	-1.747792036	2.087821074	-1.324834541	-0.170181592	5.747158689	-0.846152103	-3.774540236	2.11378671	-0.212609907	0.044095297	-1.08253366	-1.020863399	0.51578221	1.380989286	-0.626777068	3.264827412	3.167589808	2.480381698	2.136980649	2.271422985	1.492490228	2.803193827	-1.180826485	0.11744538	-1.847965915	1.772914578	-1.577568855	-3.194660983	2.137473464	3.343536078	2.935717494	0.69938888	0.736377691	0.723650685	0.661919143	-0.846152103	0.385669104	-2.738926164	1.366215365	-0.137223933	5.747166598	-1.015572338	-1.057593022	1.532610784	-2.406770838	-0.466819273	2.180880243	1.099730965	-0.983320769	5.747174877	1.655675545	3.251656765	-2.396348231	0	-0.75025126	-1.019695028	-0.846152103	2.053003431	-1.434171684	-1.29003451	-0.140110284	-3.233910049	1.566273267	5.105878909	-0.917291924	-1.513317895	-2.396571577	0.508260334	-1.301539626	-3.37194845	0.723650685	-1.351699779	-2.738926164	-1.191030025	-1.5219568	0.161777649	-0.983320769	-4.219838903	-0.942660618	0.529984895	-2.834829699	-2.433826007	0.852353045	2.627541735	-1.589769825	0.496215342	5.660260835	-3.104441451	-0.576011794	-1.62661228	-3.049379361	-1.54336957	1.725180239	-1.598667164	-0.262934342	1.457011659	2.576762475	4.923676117	3.246877533	3.271039943	2.025362984	-4.14964804	1.765749393	-0.041147381	0.473032338	3.123564704	2.224036617	1.752141964	-1.644125863	0.991094112	0.028825687	-2.151998679	2.221386178	2.087772825	-1.351699779	-2.961530608	-3.425935745	0.171145221	-0.808262846	0.081247236	-2.673357414	0.075068573	-3.684537557	1.725180239	0.518914541	-3.833860329	2.71312914	1.542550437	4.923676117	-0.307792187	-1.150761785	-1.109309452	-0.712878005	-0.287141932	3.233571044	-1.018632594	-0.45062496	-0.7175164	2.628189654	-2.351950566	2.944682185	2.692199622	1.683294217	2.83089385	-2.815978433	-0.808262846	1.467439155	-1.54336957	-0.808262846	-1.044654231	0.789095677	-1.847965915	-1.506952887	2.000080495	-1.557388939	5.609408303	0	-2.498470522	-1.150761785	-2.940366091	-1.507857823	0	1.066655238	0.632239213	2.852260836	0.362083486	0.508260334	1.487930213	-1.518091869	-0.65339727	0.682360465	-0.846152103	3.213512168	1.162908959	-1.395896994	-0.14431622	0.000624329	-2.366924174	1.366215365	-1.577568855	0.789095677	-2.010958877	-1.301539626	-2.642403401	-0.632244765	3.269339779	1.59735517	0.723650685	-1.057593022	-0.14431622	2.646866304	-0.140110284	-0.019600476	2.685950406	2.099703657	0.370298884	-1.964717054	-3.579848252	0.029356125	-0.704317152	2.69425487	-1.602395477	0.588413252	1.053725905	1.437155551	3.566832369	-1.150569007	-1.652672923	0.237838885	0.455210806	-2.179406676	0.508260334	-1.351699779	2.577002918
71	-1.85128492	-2.399125649	-0.343580785	-0.642680826	4.424818762	1.487687551	0.208941088	-1.212927211	2.363809166	-0.961420767	0.581841979	5.306839469	-1.744971209	-3.013739434	2.382294689	0.328763905	0.786845377	-0.741253763	-0.73659673	-2.405899561	1.401081243	0.224571093	3.608733065	2.968636738	2.472639827	2.367172821	1.902931462	1.581696707	2.770461238	-1.475351968	1.025804524	-2.25133034	2.061917298	-2.473367344	-2.967725767	2.497843724	3.496946813	2.664160469	0.82136911	1.683770547	1.120401109	0.281374646	-1.854797146	1.203266717	-2.50140512	-0.203820868	-0.318386288	5.306592253	-0.851940801	-2.299879922	1.595193006	-1.571381427	-0.47541093	1.546608191	1.58017019	-0.483610589	5.306780837	1.310967745	3.676930778	-2.206095041	0.811870239	-0.758603749	-1.142150013	-1.854797146	1.986803496	-1.370381533	-0.498871558	-1.774056415	-1.676227763	-1.386830399	4.509846539	-0.281055566	-1.22191768	-2.254788556	0.363152185	-0.678680422	-1.930011771	0	-1.307029539	-2.50140512	-0.771088286	-0.622080911	1.415952903	-0.483610589	-5.010238958	-0.364964702	-2.757933856	-1.931884858	-2.456357782	0.914924371	2.00622313	-0.710541628	0.33869357	5.947834692	-3.049810914	0.354071739	-0.978187534	-2.255103534	-2.169639318	1.342186191	-0.749040718	0.799701733	1.62774877	2.572520828	5.190998126	1.473986156	2.849224769	2.718808371	-3.833321213	0.427799671	0.096926565	0.635756202	3.794048736	1.803676661	1.892694035	-2.426168719	-0.485905227	0.35505016	-2.138694336	2.56580027	2.426487594	-1.307029539	-2.399125649	-4.95249978	0.449686081	-1.726748941	-0.05342407	-4.243376995	-0.336232948	-3.013739434	1.342186191	0.80384393	-3.28592077	3.293524767	1.037978567	5.190998126	-0.192076739	-1.316651287	-0.375264209	-0.939947651	-0.118215331	3.697694209	-1.124310207	0.648053624	-0.111307253	3.004694641	-2.406428801	3.023794814	2.828890305	1.859249077	2.598686269	-2.234353529	-1.854797146	0.210878153	-2.169639318	-1.726748941	-1.06052047	0.207212118	-2.25133034	-1.184821148	2.607226456	-1.421383584	5.89509059	0.811870239	-2.896712429	-1.316651287	0.379558779	-1.223975127	0.811870239	1.392150905	0.593643108	4.140078121	0.278319886	0.363152185	1.62774877	-0.989151792	-1.586243451	0.692304444	-1.854797146	3.340438204	1.558342033	-0.498871558	-0.999250082	0.418848356	-2.598777249	-0.203820868	-2.602040217	0.207212118	-1.641539752	-0.678680422	-2.050478965	-1.119014122	3.702317871	0.817279568	1.120401109	-2.299879922	-0.999250082	3.368765483	-1.774056415	-1.067509005	2.78948391	1.989770352	1.156156575	-1.183597598	-2.739356405	0.018744674	-1.028650873	2.299168998	-1.197467848	1.038931001	1.042599711	0.66224045	4.29931416	-0.993930313	-0.652704935	1.218369737	0.369617815	-3.585878184	0.363152185	-1.307029539	2.572534838
81	-1.135023867	-2.334479499	-0.583879496	-0.857444262	4.121782407	2.776086776	0.132376664	-1.442272557	2.680045646	-1.029720363	0.342643669	5.697459772	-0.245060846	-3.164449134	2.856551493	0.322520178	-0.173236534	-0.410339138	-0.5824626	-2.904001146	1.573766845	0	3.251774753	3.438882329	3.097745443	2.482938951	2.606975392	1.99765725	3.093335235	-1.049007311	-0.330264749	-1.929490204	2.739741148	-1.487987967	-2.204364043	2.098787473	3.210094928	2.838205895	0.844847127	1.028110834	0.822404403	1.069269028	-0.276384456	-0.224462431	-2.819348641	-0.784791661	0.225633096	5.71727724	-1.030566904	-1.11271105	1.716111975	-3.244764604	-0.425976208	2.186307875	1.7698189	-1.816062702	5.695973997	1.693153661	3.399139599	-1.87089766	0.252687216	-1.277176547	-0.42208563	-0.276384456	2.208510893	-1.43757835	-2.247047823	-0.229233746	-2.390726623	-2.60532274	4.434201229	-0.60695695	-1.476045162	-1.87089766	0.796525664	-0.9045461	-2.51366635	0.822404403	-1.202436307	-3.305368607	-1.004669273	-1.542967441	1.072355057	-1.816062702	-5.234421984	-1.285989116	0.055032337	-2.574981022	-2.702632132	0.636953077	2.83777342	-0.335147389	0.329226847	5.837170837	-3.579588715	0.307080422	-1.43871596	-2.482899504	-1.586619005	1.958151651	-1.362053079	0.356913765	1.99765725	2.838590036	5.665194348	3.493914942	3.540968595	2.467139577	-3.86592683	1.607336534	0.231084932	1.426874198	2.694413861	1.265102	1.88785693	-1.628619339	0.560342496	0.195849084	-2.30950442	2.362506365	2.708082776	-1.202436307	-2.081562249	-1.843896544	0.367285017	-0.2339995	-1.818575688	-2.30089882	0.11068458	-3.109368971	1.958151651	0.718235275	-3.691438379	2.615650064	1.323812605	5.665194348	-0.066246964	-1.007561824	-0.722323833	-0.587997569	-0.111585931	3.394083386	-0.711650516	0.036605386	-1.18936228	3.449488639	-1.876214372	3.430363013	2.983675635	1.826796508	3.014233536	-2.934554694	-0.2339995	-1.315822341	-1.516270698	-0.2339995	-0.711650516	0.388499696	-1.929490204	-1.729560337	1.736470616	-2.030225143	5.768440403	0.252687216	-2.606803254	-1.049007311	0.300234956	-1.054196727	0.252687216	1.350036128	1.238887746	3.399522643	0.686753725	0.867638596	2.048256287	-1.439922699	-0.090253789	0.971452064	-0.23786604	3.2358628	1.269804791	-2.247047823	-1.371650045	0.199168322	-2.182488396	-0.754887509	-1.487987967	0.385301216	-1.041373512	-0.9045461	-0.895170018	-0.632840861	3.410428506	0.267446562	0.822404403	-1.11271105	-1.371650045	2.142100107	-0.229233746	-2.698468351	2.045557172	2.181569078	0.945481029	-2.990969863	-3.303267766	0.168222795	-0.84985034	1.648716117	-1.158767279	0.983720272	1.476025455	1.435587263	2.991483285	-1.594964679	-1.580947853	1.0761661	1.103306443	-1.9581425	0.79653581	-1.202436307	2.838926837
83	-1.398884785	-4.272354536	-1.116205894	-1.508839093	4.051460822	2.675473977	0	-1.394139679	2.704798177	-0.950586094	0.354021917	5.707159382	-0.903344261	-3.733358035	2.886507119	0.60019134	0.394799984	-0.858179323	-0.916325438	-1.48552241	1.484675504	-0.283739162	3.183750079	3.220774057	3.22999671	2.190236209	2.316065299	1.588447046	2.844648988	-0.994838225	-0.119769755	-2.480871558	2.586516017	-1.799616447	-2.419405502	1.981651695	3.302245032	2.76367396	0.568396568	1.269169166	0.900690828	1.240385069	-0.987505392	-0.013299447	-2.724223108	1.262860008	-0.101712768	5.708113419	-1.19528213	-1.002296142	1.871821754	-2.367006006	-0.780242171	2.244639667	1.790058396	-1.388546999	5.708823014	1.729128598	3.48289455	-1.979855383	0.031923478	-0.922737856	-0.883717565	-0.987505392	2.080498791	-1.269535676	-1.905431803	-0.730299015	-2.773983717	0.630284324	4.113512773	-0.54215228	-1.523474047	-1.979855383	0.78998457	-1.02859496	-2.516622322	0.900690828	-1.855471174	-2.724223108	-0.860823011	-1.187656028	0.856925649	-1.388546999	-4.9815957	-1.229996698	-0.364153879	-2.60229932	-2.287976988	0.693521646	2.837803882	-1.335001067	0.569537753	5.857595152	-3.55604821	0.300362283	-1.399634841	-2.667905202	-2.064519962	1.534045529	-1.618245624	0.105706648	1.587076859	2.605822235	5.678544438	3.352890627	3.305732286	2.873834636	-3.823144072	1.530830037	0.06202243	1.246855457	2.997448456	0.894508601	1.730290281	-1.507571442	0.267803176	0.17658007	-2.148060155	2.424541476	2.742675515	-1.855471174	-3.064078336	-2.366605087	0.109047292	-0.890973466	-1.941961477	-2.360549214	-0.075116733	-3.542565764	1.534045529	0.610569898	-4.000608431	2.492798746	1.398203944	5.678544438	-0.359875487	-0.981776403	-0.894950317	-0.932941392	-0.358252002	3.475312219	-0.93518621	0.070518769	-0.919512	3.405035811	-2.200144135	3.100325927	2.694081703	1.675372915	3.078143392	-2.953325473	-0.890973466	0.549156935	-1.970931221	-0.890973466	-0.927896098	0.123120552	-2.093919898	-1.903800005	2.102062915	-2.017478914	5.772058423	0.031923478	-2.734861034	-0.981776403	0.319475982	-1.939162413	0.031923478	1.481502784	0.8099895	3.425487597	0.79060262	0.78998457	1.624680845	-1.593619197	-0.74336304	0.716625618	-0.903344261	3.389889635	1.362871126	-1.905431803	-0.589464369	-0.024063693	-2.441358405	1.262860008	-1.799616447	0.123120552	-0.734407675	-1.02859496	-2.189859399	-1.067678156	3.499670961	-1.424479291	0.900690828	-1.002296142	-0.589464369	2.45531405	-0.730299015	0.274874161	2.379784281	2.030644491	1.015033532	-2.914183661	-2.776860883	0.20301769	-0.906110257	0.744923928	-1.574222736	0.73692522	1.204463773	0.989903691	3.627688228	-1.403381813	-1.379084225	0.713557148	0.835688523	-2.394335579	0.78998457	-1.855471174	2.605831632
84	-2.06959574	-3.898547178	-1.039660588	-1.585607355	4.430543717	2.425838523	-0.194626002	-0.832926046	2.83596021	-1.702625995	0.896419518	6.077025749	0	-3.001408486	2.443196727	0.791581065	1.066320024	-1.508416511	-1.472519154	0.14663326	0.8493907	-0.429027368	3.535727095	2.962049837	1.496301164	1.729185102	1.350911994	0.963956193	2.531351909	-0.577910202	1.242969909	-1.561208912	2.429506321	-2.414523476	-3.844779151	2.252018854	3.198969498	3.310181995	1.79050748	1.342207869	1.508857941	-0.731791389	0	1.286994246	-2.674458348	-0.272450534	-0.828934058	6.077771675	-0.226635917	-4.347112629	1.922203317	-1.523088063	-0.750940347	1.271356357	1.180727896	-0.726409273	6.080120458	0.852387442	4.132032649	-2.892808726	1.047485492	-1.126513672	-0.969121714	0	1.743216905	-1.307489916	0.344936798	-1.383604738	-1.689843446	2.590439889	4.33079507	-0.367100872	-0.906489498	-2.892808726	0.702491929	-0.701455765	-2.244438205	1.508857941	-3.869661143	-2.674458348	-0.22444331	-1.012665453	0.844040711	-0.726409273	-4.284314146	-0.578789769	-0.066348135	-2.513719255	-2.136441542	0.133424269	1.658116966	-2.649393863	0.51657577	5.809227755	-2.635886638	-1.096781264	-1.209564528	-3.222237221	-0.432367324	0.92801298	-1.536604591	-0.375661495	0.855185405	2.373795151	5.163020702	2.731882165	2.528466241	2.546246334	-3.885664268	1.283449893	0.114412006	0.365180358	3.887807073	2.407254452	3.037604283	-1.932938889	-0.437072116	0.750520907	-2.205460552	3.000274353	2.870115065	-5.782141523	-3.898547178	-2.780396405	-0.288152661	0	-2.37725159	-3.352059563	-0.272791024	-2.846906105	0.92801298	0.804819379	-3.039042972	3.125283265	1.298723426	5.163020702	-0.125549441	-0.52594299	-0.708392495	-0.539331927	-0.137578408	4.129766321	-1.096069904	0.390958014	-0.254842539	3.158292123	-2.202556845	2.850286497	2.39514227	3.038256504	2.584840415	-3.628560718	0	2.129336649	-0.432367324	-0.001297054	-1.096069904	0.356816077	-1.561208912	-2.335795073	2.553738482	-1.607107446	5.745612104	1.066555518	-2.840041726	-0.52594299	-1.096781264	-1.253948266	1.066555518	1.268256551	0.534856562	4.124352371	0.199862527	0.703647003	0.961943807	-1.076111589	-1.521042465	0.396543969	0	3.209146945	2.050248551	0.344936798	-1.161910095	-0.479365652	-2.523910199	-0.272450534	-2.660765188	0.356816077	-1.340645414	-0.701455765	-2.292846257	-1.145271194	4.149543719	1.769457791	1.508857941	-4.347112629	-1.161910095	3.248714106	-1.233566413	-1.704445688	2.812446589	1.754487178	0.836712873	-0.43501174	-2.886526525	-0.132628566	-1.503708404	2.237359054	-0.349205446	0.761102783	1.579124797	0.796335441	4.30039652	-0.782186109	-0.986891789	0.765858305	1.687218886	-4.038646655	0.719339325	-5.112636105	2.39144813
97	-1.988124969	-2.769175416	-1.264135512	-1.039259546	4.111080332	1.185667466	-0.146362677	-1.138499355	1.190835063	-1.306406749	0.196670455	5.630188897	-2.725354798	-3.506083481	2.345110881	0.265293438	1.144239345	-1.192163255	-1.158196818	-1.307153881	0.885610038	-0.141498298	3.096292232	3.084380686	2.140639263	1.945204313	1.675374553	1.179769132	2.652382204	-0.429787277	1.527469481	-2.703695712	2.324754373	-1.660286575	-3.796519886	2.167588727	3.479623577	2.667948036	1.211873784	1.33280394	1.272065551	0.067239844	-3.09363703	1.330272164	-2.559525703	0.460130558	-0.512598911	5.631174473	-0.482548892	-2.200345218	2.125536948	-1.06082421	-0.878947006	1.862523751	1.19499228	-0.332492226	5.634138462	1.336467569	3.890459792	-2.327425447	0.883784933	-1.621659397	-1.063658058	-2.77331579	1.705068639	-1.551172701	-0.94349263	3.269805348	-1.734776978	1.159964193	3.35876916	-0.686746554	-0.664041376	-2.327425447	0.951146701	-0.958927564	-2.105092098	1.272065551	-5.107460269	-2.559525703	-0.471064694	-0.66808268	0.864599196	-0.332492226	-4.478956053	-0.683042115	-0.640604249	-2.34738423	-2.02096171	0.44372877	1.681260343	-1.382049998	0	5.696186553	-2.823321022	0.37433334	-0.99133548	-3.181973604	-1.310476026	1.026611528	-0.991326964	0.291163085	1.190176875	2.457892933	5.152964525	1.402403241	2.811390311	2.448595026	-4.385489683	0.177454365	0.098160471	0.565798395	4.09812301	0.105887783	1.326075719	-2.067723603	5.263531545	0.012148848	-2.544320139	2.761710063	1.289836595	-5.689519243	-2.769175416	-5.832979605	-0.015415858	-2.690102178	-0.611271885	-2.759148259	0.394856687	-3.40669589	1.026611528	0.661857293	-4.174289314	3.206299331	0.78040751	5.152964525	-0.053228764	-0.429787277	-0.942038557	-0.703636376	-0.311708565	3.895683589	-1.450804653	-2.386233553	-0.23931544	2.590904101	-2.126007002	2.974177197	2.398917734	1.219462387	2.45079439	-2.219005055	-2.690102178	1.184501406	-1.310476026	-2.690102178	-1.433787232	0.568540362	-2.703695712	-2.133343753	1.714924821	-1.93501395	5.644747318	0.883784933	-2.470344397	-0.423782998	0.459945042	-1.628206485	0.883784933	1.575913748	0.232537627	4.060014355	0.439614445	0.951146701	1.23278667	-1.269339593	-1.705201658	0.309547178	-4.984295743	3.168102567	1.762454858	-5.153955418	-1.143930415	-0.037915846	-2.556343845	0.450818397	-1.660286575	0.568540362	-1.129248668	-0.958927564	-2.130253631	-1.155333229	3.92050689	-2.775088257	1.272065551	-2.200345218	-1.143930415	3.190086903	3.269805348	-0.371779567	2.91337704	1.705068639	0.487484032	-1.002450416	-3.031615265	-0.112657218	-1.218457385	0.575485206	-2.612336195	0.725138628	1.257715522	0.280850534	4.501131123	-0.697092334	-1.313926815	0.509650671	0.803974408	-4.634849076	0.951146701	-1.512737287	2.45791106
PBQC1	-1.323311767	-2.635923412	-1.56542171	-2.633191703	4.135512424	2.064637948	-0.036905083	-1.350440855	2.808002814	-1.315883254	0.288716149	5.647293449	-1.086483608	-3.170941903	1.922154348	0.028219954	0.839258747	-0.884005403	-1.072924385	-0.399613399	1.009555053	0.308318103	3.597660823	2.945802842	2.12315626	2.062688714	1.95920907	1.563915303	2.683385448	-1.730587344	0.538514079	-2.903412155	2.376046149	-1.733990835	-3.203149168	2.565618556	2.768503721	2.198681709	1.090390359	1.01147032	1.05386614	0.462542836	-1.086483608	0.608092128	-2.922225689	0.775193348	-0.629307861	5.647035982	-0.399104113	-1.390601671	1.740083283	-1.75205576	-0.667322835	1.857777586	1.46740826	-1.202552332	5.648767872	1.447292635	3.710597977	-2.124605529	0.553421778	-1.307763735	-0.69958835	-1.070945077	1.744146445	-1.591618629	-1.38321627	0.984222725	-2.314383751	1.635802929	4.473627348	-0.595769408	-1.201397296	-2.124605529	0.736509381	-0.858391285	-2.015502407	1.057022597	-2.523460394	-2.922225689	-0.845552166	-1.316384434	1.42361636	-1.337290751	-4.77121397	-0.826834187	-0.551502105	-1.994789638	-2.360478867	-0.025698469	2.137273272	-3.02510909	0	5.69620205	-3.064694345	-0.140350262	-1.118595646	-2.153178902	-1.221207185	0.057395922	-1.013896068	0.163340821	1.488761203	2.377450347	4.655857982	2.261808481	2.587167282	2.433086959	-3.55309378	0.896828844	-0.739988185	0.71363783	3.259997888	1.592680102	2.539920496	-1.651451913	2.479483714	0.088272928	-3.216747269	2.601921041	2.797798251	-2.564884959	-2.635923412	-3.247532025	-0.854724919	-1.086483608	-1.019507169	-5.088304994	0.557679093	-2.906839181	0.057395922	0.427710347	-3.553582801	2.777109288	0.998572893	4.655857982	-0.216488374	-1.626919211	-0.265015204	-0.638311131	-0.060430739	3.713680306	-0.547606755	0.567475703	-0.713590548	2.757894177	-2.241644776	2.894315901	2.506094524	2.52405832	2.689124349	-2.57759552	-1.070945077	1.272778728	-1.205184084	-1.070945077	-0.547606755	0.304201551	-2.903412155	-1.588666121	1.955893062	-2.001522002	5.646591761	0.553421778	-3.00416502	-1.626919211	-0.241701081	-0.976935158	0.553421778	1.331446677	0.429370284	3.493132417	0.377429183	0.736509381	1.507499704	-1.403006615	-1.786734859	0.717592609	-1.086483608	3.04041584	1.517980144	-1.38321627	-0.482195621	-0.031937763	-2.424651536	0.775193348	-1.733990835	0.304201551	-1.23260019	-0.858391285	-1.108916102	0.001488508	3.708636566	0.334456986	1.056463951	-1.390601671	-0.482195621	2.696089467	0.984222725	-0.06107938	2.380988095	1.792302528	1.054037911	-1.701601614	-3.314022216	-0.164666221	-1.560783626	2.113999217	-0.920721782	0.949987263	0.379879634	0.871052921	3.689318123	-1.188659684	-1.381654293	1.346476839	1.081234513	-2.452918228	0.736509381	-2.689749682	2.377450347
PBQC2	-1.516530437	-2.707234707	-1.471131584	-1.886474891	4.123479582	2.547013006	0	-1.33930563	2.468778599	-1.27163322	0.280882791	5.668091238	-0.994970608	-4.252517658	2.548240955	0.286113248	0.577915132	-1.240381646	-1.101591396	-0.298030952	1.038653556	-0.13925093	3.258034233	2.960318731	1.974592791	2.043814837	1.918332985	1.330244555	2.695205232	-1.252334531	0.590575171	-2.233029842	2.40287607	-1.743849472	-2.955759452	1.967013512	3.227491079	2.751987459	1.087753416	1.044343463	1.032037464	0.499193524	-0.994970608	0.649765768	-2.705294329	0.796422368	-0.471253773	5.66830419	-0.57860685	-1.438357895	1.776821219	-1.860132353	-0.642797686	1.900900092	1.498246892	-1.16126823	5.671284057	1.450810011	3.633924677	-2.104072896	0.571178521	-1.38843193	-0.713765731	-0.994970608	1.783935393	-1.330799417	-1.390855113	1.027612129	-2.337661056	1.638902949	4.495364333	-0.541204909	-1.200590544	-2.104072896	0.734707682	-0.797865517	-2.065580643	1.032037464	-1.777370059	-2.705294329	-0.87409897	-1.205652008	1.470537636	-1.21796083	-3.957000494	-0.907626715	-0.46550463	-1.917369797	-2.477386394	0.335092922	2.165931018	-2.505020223	0.204617793	5.637797909	-3.188656682	0.463885026	-1.131747056	-2.813409735	-1.083247897	1.315867928	-1.315141442	-1.276033829	1.269751875	2.432992031	5.354876043	2.942352983	2.914521656	2.474396069	-3.949328215	1.373276048	-0.132019113	0.335705765	3.304283549	1.627651572	2.583428073	-1.989022465	2.486401704	0.192604759	-2.484497348	2.528388644	2.506768349	-1.785046331	-2.707234707	-4.15816765	-0.661112284	-0.91382127	-1.152436559	-5.298709158	0.264410458	-3.951164201	1.315867928	0.754960792	-3.587180655	2.070924238	1.137901948	5.354876043	-0.144491502	-1.162934654	-0.192385191	-0.599917687	-0.043158442	3.633167103	-1.237626277	-0.005191151	-0.712293592	2.759986751	-2.502139518	2.893015687	2.500890792	2.555372454	2.723675587	-2.791272909	-0.919219622	1.284519109	-1.083247897	-0.919219622	-1.237626277	0.466681429	-2.542907579	-1.952772446	1.986053553	-1.934608641	5.605055423	0.571178521	-2.725049376	-1.162934654	0.407074848	-0.930657146	0.571178521	1.379862711	0.658335039	3.470416852	0.396547585	0.734707682	1.327024681	-1.356275267	-1.129876473	0.696688423	-0.994970608	3.102712145	1.553847933	-1.390855113	-0.454744814	-0.004631763	-5.188880149	0.796422368	-1.773354373	0.466681429	-1.26064295	-0.797865517	-1.07994699	-0.83219163	3.651327959	0.338999407	1.032037464	-1.438357895	-0.454744814	2.692924389	1.027612129	-0.033083014	2.44025977	1.830083036	1.013685294	-1.744540342	-2.885345138	-0.137434688	-1.206586666	2.126487175	-0.828286694	0.080682975	1.235019723	0.922699571	3.723362604	-1.150964408	-1.349189421	1.395329855	1.109170929	-2.269654954	0.734707682	-1.785046331	2.432965145
PBQC3	-1.648662766	-2.651955088	-1.504996129	-2.132925644	4.087838834	2.458788803	-0.029369391	-1.377721866	2.334277264	-1.350577161	0.199443109	5.638664992	-0.770015596	-3.925184439	2.717443982	0.422237721	0.589878073	-1.154414121	-1.178311244	-0.371443045	1.03257489	-0.196606786	3.091568619	2.89680156	2.032476073	1.996883135	1.911967031	1.328594052	2.695787175	-0.954047952	0.561412768	-1.983521492	2.352241436	-1.766138266	-3.147325998	2.095246304	3.091180641	2.87559146	1.031317704	0.996524113	1.035599145	0.509508068	-0.770015596	0.64513927	-2.627796622	0.768549709	-0.429208253	5.638578016	-0.674468521	-1.416782138	1.715508868	-2.127995724	-0.661570773	1.894590326	1.495765504	-1.236866146	5.640806866	1.428339666	3.6329458	-2.262016886	0.546822453	-1.36760409	-0.764302223	-0.770015596	1.822061788	-1.317192462	-1.366814852	1.023425605	-2.422873327	1.619928036	4.517229791	-0.838448792	-1.270769805	-2.262016886	0.736773583	-0.842355261	-1.84094099	1.035599145	-1.772140747	-2.627796622	-1.143376656	-1.326108418	1.472723985	-1.236866146	-4.762839599	-0.851966839	-0.535414605	-1.979552594	-2.325775674	0.368793012	2.14654835	-2.301701185	0.332129206	5.624526689	-2.979657903	-1.252659461	-1.155146165	-2.860763081	-1.139921654	1.209634301	-1.503731427	0.052009941	1.327799473	2.370751173	5.533883039	2.979964509	2.943948222	2.446751358	-3.448684129	1.29972087	0	0.286110394	3.288859669	1.578265078	2.660479714	-2.125663737	2.506331205	0.147878428	-2.217797285	2.537058834	2.395650686	-1.807723749	-3.369042292	-4.655576462	-0.589624974	-0.744947896	-1.214909166	-2.637051186	0.202300305	-3.819629157	1.209634301	0.764999825	-3.560599597	2.764806486	1.109979244	5.533883039	-0.164430444	-0.920717574	-0.219010834	-0.651392582	-0.029707517	3.62796175	-1.1894324	0.163656041	-0.716622332	2.688856827	-2.392032938	2.862803949	2.486559031	2.629517482	2.660455107	-2.618586352	-0.744947896	1.287792586	-1.107596066	-0.744947896	-1.17827281	0.067900555	-2.112616113	-2.111418377	1.922693623	-1.94827304	5.584643091	0.546822453	-2.739111369	-0.920717574	-1.354477272	-1.109504797	0.546822453	1.375859205	0.689676428	3.468814191	0.383782808	0.736773583	1.374367556	-1.404274097	-1.007681016	0.71831137	-0.770015596	3.119129261	1.486440207	-1.366814852	-0.515363871	-0.104424077	-2.460046771	0.749451985	-1.766138266	0.067900555	-1.224795113	-0.842355261	-1.444281398	-1.002275838	3.641679076	0.338988454	1.035599145	-1.416782138	-0.471744758	2.699949161	1.023425605	-0.06018645	2.426512098	1.801296706	1.04291365	-1.6550501	-2.894506034	-0.191883842	-1.129032988	2.094668274	-0.707928145	0.882803046	1.467682745	0.914916907	3.716197637	-1.18159317	-1.484467375	1.398406439	1.074317285	-2.484259162	0.736773583	-1.807723749	2.370772445
PBQC4	-1.547688972	-2.733443342	-1.50934059	-2.268304247	4.069404842	2.509409334	-0.034419778	-1.280381712	2.367752017	-1.384475647	0.149806908	5.635941657	-0.759118516	-3.280558967	2.794392039	0.602569185	0.898163111	-0.99012909	-1.158089546	-0.374018625	1.067451171	-0.193637514	3.113753487	2.896106225	2.596256411	1.989604189	1.896458081	1.317394909	2.644815652	-0.971822983	0.530123513	-2.079679777	2.377424642	-1.743056273	-2.947847312	2.000369661	3.112145975	2.848819656	1.023274674	1.009704423	1.000694025	0.459992385	-0.759118516	0.637767246	-2.675988354	0.770449136	-0.332783611	5.635849302	-0.625427711	-1.434444219	1.70997841	-2.055799641	-0.672202955	1.913433041	1.457239893	-1.327092205	5.637934965	1.427342538	3.581574146	-2.204165422	0.530547462	-1.405250038	-0.738929882	-0.759118516	1.790612381	-1.347827914	-1.440871128	0.973831771	-2.371267966	1.583290977	4.504048723	-0.774216271	-1.279694176	-2.170594407	0.71422675	-0.926030963	-2.089232257	1.000694025	-1.809086052	-2.805329729	-0.791101122	-1.294844366	1.482255721	-1.327092205	-3.391163809	-0.877728074	-0.479542541	-1.976029158	-2.783306431	0.420472655	2.122928249	-1.95068271	0.327126461	5.797612933	-3.075978899	0.400954513	-1.149289593	-2.70243725	-1.084525451	1.221350294	-1.449141772	0.007786312	1.396843858	2.363525302	5.593555143	3.032069968	2.972645115	2.467952031	-3.721401698	1.353296552	-0.013041939	1.360207949	3.296009379	1.577652425	2.664664693	-2.207448972	2.469310566	0.12453032	-2.150691729	2.530480175	2.419676404	-1.809086052	-2.733443342	-2.519034265	-0.573598923	-0.744350552	-1.146786834	-2.347210914	0.206039565	-3.280558967	1.221350294	0.802296376	-3.472087622	2.790124219	1.082805596	5.593555143	-0.163342179	-0.934335705	-0.247342136	-0.683037912	0	3.573560252	-1.080237325	0.228165021	-0.714473373	3.208102707	-2.25576596	2.870476883	2.509937209	2.632030603	2.670280283	-2.857575389	-0.759118516	1.276441795	-1.059271801	-0.744350552	-1.070111114	-0.178470037	-2.079679777	-1.993449188	1.932450578	-2.081587702	5.724954846	0.530547462	-2.972078885	-0.937559845	0.294658308	-0.766553447	0.530547462	1.361323435	0.665194321	3.459017871	0.360418945	0.71423107	1.344293475	-1.430858683	-1.003596502	0.797528364	-0.759118516	3.148437419	1.450753891	-1.440871128	-0.513468992	-0.121849627	-2.478986688	0.770449136	-1.743056273	-0.180955009	-1.185849065	-0.926030963	-1.226349019	-1.109014961	3.59202493	0.361072962	1.000694025	-1.434444219	-0.510426732	2.704775829	0.973831771	-0.086614445	2.445141128	1.762766757	1.023947743	-1.723468524	-3.025524016	-0.20140192	-1.182552554	2.1039404	-0.732216512	0.822128343	1.459696182	0.840349401	3.706874886	-1.188644706	-1.478388342	1.359631241	1.057384746	-2.418710879	0.714248346	-1.809086052	2.363521705